{
 "description": "equivalent lens poly",
 "name": "polynomial",
 "thickness": 32.04,
 "planeoffset": 0.01,
 "polynomials": [
  {
   "wavelength_nm": 550,
   "circleRadii": [5.23,8.1,107.3,7.2291,125.3,9.5],
   "circleSensitivities": [0.06519999999999999,1.0075,-9.8241,0.7991,-11.5487,-0.0152],
   "circlePlaneZ": 17,
   "diaphragmIndex": 0,
   "diaphragmToCircleRadius": 1.494285714285714,
   "planes": {
    "input": -32.05,
    "output": 0.01
   },
   "pupil_distances": [18.1857081728712,-2266.666666666648,1.570569377592594,84.61921353907418,1.354722003076016,16.74546887312844],
   "pupilpos": [18.1857081728712,-2266.666666666648,1.570569377592594,84.61921353907418,1.354722003076016,16.74546887312844],
   "pupilradii": [5.594779632006846,1079.999999999991,9.913064365628552,35.98357391737184,9.985098057966162,9.357762017336483],
   "poly": [
    {
     "outputname": "outx",
     "coeff": [-0.00103397701447742,0.0001617166363773233,-0.001242521869434777,0.03494017354922393,0.0001205375123273485,0.001613603027349016,-0.0001088541711516492,-1.835399880398289,-0.002523957627983952,0.0008719360218988676,4.294147504923877e-06,1.801403437470808e-06,-1.979926716540126,-0.09613670639087336,-0.7313703264190383,0.005902040583125738,1.910682997422528e-05,35.3386218689409,-0.003874643775611432,0.0003084800703136406,76.19994456556783,1.14188946818359,15.14008110160617,-0.001628827200126989,-0.002586944331407578,0.0004634633495983996,40.6217295298899,1.530051509259862,14.60049935336771,-0.1435329629502225,30.95355036608385,-0.0002108026682899195,4.903606240020432e-05],
     "termr": [3,3,2,2,2,2,1,1,1,1,1,1,1,1,1,1,1,0,0,0,0,0,0,0,0,0,0,0,0,0,0,0,0],
     "termu": [1,1,3,1,1,1,4,3,3,2,2,2,1,1,1,1,0,5,4,4,3,3,3,2,2,2,1,1,1,1,1,0,0],
     "termv": [1,0,0,2,1,0,0,1,0,2,1,0,3,2,1,0,3,0,1,0,2,1,0,3,2,1,4,3,2,1,0,5,4]
    },
    {
     "outputname": "outy",
     "coeff": [6.916047100177341e-05,0.0001544365806862622,-0.001962278235305871,0.00011174999017655,0.0002681356090909451,0.03174706751618664,-0.002280419656819117,0.07075720106999783,-0.002050753352749797,0.003541639496594715,-0.00105008566444111,-0.1215869304814276,-5.169575637897461e-05,-2.479204596451968,-0.07124223937881505,-0.4431319829457511,-8.167947232269215e-05,-2.457274162609451,-0.2009934764485359,-1.133879109585525,0.02253532324827462,0.5398961317595453,0.001078418707411497,37.72753364494585,-0.09245043573552582,-0.01050307176690418,0.0003048023945671013,-6.903060652883199e-06,80.53923981690194,1.945426684288204,14.68484754139315,-0.01118190834874554,0.0004403126055323405,0.000702261051268253,-6.181348460287986e-05,42.39416440005542,2.244099290481163,14.27064409950384,-0.2584800536627381,30.96440358932032,0.0009314078017304449],
     "termr": [4,3,3,3,3,2,2,2,2,2,2,1,1,1,1,1,1,1,1,1,1,1,0,0,0,0,0,0,0,0,0,0,0,0,0,0,0,0,0,0,0],
     "termu": [0,2,0,0,0,2,2,0,0,0,0,4,3,2,2,2,1,0,0,0,0,0,5,4,4,3,3,3,2,2,2,2,1,1,1,0,0,0,0,0,0],
     "termv": [1,0,2,1,0,1,0,3,2,1,0,0,1,2,1,0,2,4,3,2,1,0,0,1,0,2,1,0,3,2,1,0,3,2,1,5,4,3,2,1,0]
    },
    {
     "outputname": "outz",
     "coeff": [2.318164770717973e-06,-4.797805139420753e-06,0.01000022076713624],
     "termr": [0,0,0],
     "termu": [3,2,0],
     "termv": [2,3,0]
    },
    {
     "outputname": "outu",
     "coeff": [0.0006251783388347936,0.0003626426290922314,-0.0003620880184350974,-0.0001400208968378949,0.006028584870180835,-0.00107694545152559,0.004631700298866692,0.0005130431898022589,0.01127167376387883,0.435947724956058,-2.512183150070445e-05,0.8719196037906135,0.0139395682760001,0.1741731999968759,0.4310751055191751,0.0136991836555859,0.1745834115756764,-0.002673060828372468,0.7170300832372251],
     "termr": [2,2,2,2,1,1,1,1,1,0,0,0,0,0,0,0,0,0,0],
     "termu": [3,1,1,1,3,3,1,1,1,5,4,3,3,3,1,1,1,1,1],
     "termv": [0,2,1,0,1,0,3,2,1,0,1,2,1,0,4,3,2,1,0]
    },
    {
     "outputname": "outv",
     "coeff": [0.0004549904068434349,0.005050144579526658,0.0008463609159473018,-0.0006223242755987341,-0.0027205220423076,0.02762878923569463,-0.0004878054261213791,0.005237925531372483,0.08715171022183381,-0.01398126208530957,0.001080490860691102,0.001117975156471302,-0.01966498940778923,0.3731225369410148,0.1022659737973147,1.037239772285239,0.1583189933978697,0.1753824187639764,-0.01541312110839016,0.7707137804963711,-0.03953062321991267,0.1307266457903503,0.005557839012640416,0.7174088646131013],
     "termr": [2,2,2,2,1,1,1,1,1,1,1,1,1,0,0,0,0,0,0,0,0,0,0,0],
     "termu": [2,0,0,0,4,2,2,2,0,0,0,0,0,4,4,2,2,2,2,0,0,0,0,0],
     "termv": [1,3,2,1,0,2,1,0,4,3,2,1,0,1,0,3,2,1,0,5,4,3,2,1]
    },
    {
     "outputname": "outw",
     "coeff": [-0.0005468155099688305,9.632766868929693e-05,0.0007674208093057335,0.0007335430443533558,-0.0001921219544164807,-0.0002852289885847598,0.001704531258927942,0.003894418793862734,0.01501151156736255,0.0002965067944745793,-0.002967912145633239,0.01365842952396055,0.05209198358662378,-0.2397318552316324,-8.39482355785869e-05,0.1217542311644643,-0.4718625214781209,-0.02041561268111703,-0.2525689721976848,0.0881338472044873,-0.2553590578782862,-0.02357581410727592,-0.2499748944617367,0.001547540265124085,0.9999185201799866],
     "termr": [2,2,2,2,2,1,1,1,1,1,1,1,0,0,0,0,0,0,0,0,0,0,0,0,0],
     "termu": [2,2,0,0,0,4,2,2,0,0,0,0,4,4,3,2,2,2,2,0,0,0,0,0,0],
     "termv": [1,0,3,2,0,0,2,1,4,3,2,1,1,0,2,3,2,1,0,5,4,3,2,1,0]
    }
   ]
  }
 ]
}