{
 "description": "equivalent lens poly",
 "name": "polynomial",
 "thickness": 32.04,
 "planeoffset": 0.01,
 "polynomials": [
  {
   "wavelength_nm": 550,
   "circleRadii": [5.23,8.1,107.3,7.2291,125.3,9.5],
   "circleSensitivities": [0.06519999999999999,1.0075,-9.8241,0.7991,-11.5487,-0.0152],
   "circlePlaneZ": 17,
   "diaphragmIndex": 0,
   "diaphragmToCircleRadius": 1.494285714285714,
   "planes": {
    "input": -32.05,
    "output": 0.01
   },
   "pupil_distances": [18.1857081728712,-2266.666666666648,1.570569377592594,84.61921353907418,1.354722003076016,16.74546887312844],
   "pupilpos": [18.1857081728712,-2266.666666666648,1.570569377592594,84.61921353907418,1.354722003076016,16.74546887312844],
   "pupilradii": [5.594779632006846,1079.999999999991,9.913064365628552,35.98357391737184,9.985098057966162,9.357762017336483],
   "poly": [
    {
     "outputname": "outx",
     "coeff": [1.096193618502961e-09,1.711305002722548e-05,1.784235547304617e-07,8.079188197992378e-09,4.127829545853848e-06,-0.000783999130469211,-0.0001352514929615795,2.302172205921054e-06,-2.638341560480878e-06,-4.355442289862138e-07,-0.0007816926258818779,-1.190207086473087e-05,-4.850617056686608e-05,0.0375921728273214,-0.002439176743812763,0.003206623296010624,-1.065978721535701e-05,-2.441713785805155e-05,1.390629331745377e-05,3.301804043028064e-06,-0.0001493158436534028,-1.830444470415667,-0.005684185386570523,0.0008280269843983578,0.0002451993994663142,0.0001475543726515113,-1.966001278446128,-0.1109958990599558,-0.7253769391432915,0.003183282061204299,6.285634443332118e-05,0.0001066544839670546,4.436826672387537e-05,-3.449364006971721e-05,-7.486197086533899e-06,35.34112912718437,-0.007470920694732481,0.0005113431956710394,76.21689950352315,1.130507772526589,15.14290179366722,-0.006616331381298627,-0.002487073781461764,0.0005493048343139022,-8.100155543223863e-05,40.64859358841188,1.50296349221895,14.61092695816411,-0.1451732716756749,30.95433981224722,-0.0004544315928581514,-0.0005342183993853139,3.871811012719258e-06,7.864092589773192e-05,1.459128977930869e-05,1.938829845421185e-06],
     "termr": [5,4,4,4,3,3,3,3,3,3,2,2,2,2,2,2,2,2,2,2,1,1,1,1,1,1,1,1,1,1,1,1,1,1,1,0,0,0,0,0,0,0,0,0,0,0,0,0,0,0,0,0,0,0,0,0],
     "termu": [0,1,0,0,2,1,1,0,0,0,3,2,2,1,1,1,0,0,0,0,4,3,3,2,2,2,1,1,1,1,0,0,0,0,0,5,4,4,3,3,3,2,2,2,2,1,1,1,1,1,0,0,0,0,0,0],
     "termv": [0,0,1,0,0,1,0,2,1,0,0,1,0,2,1,0,3,2,1,0,0,1,0,2,1,0,3,2,1,0,4,3,2,1,0,0,1,0,2,1,0,3,2,1,0,4,3,2,1,0,5,4,3,2,1,0]
    },
    {
     "outputname": "outy",
     "coeff": [-4.334674287325127e-07,5.597247219698274e-08,0.00013162919118458,2.736570894335556e-05,0.0003869838689190461,7.291721690750545e-07,-1.191758402900618e-06,-0.0005369028385207059,-0.0005811686859477671,-0.0001238641545831721,1.203050793812194e-05,0.0372995662025018,-0.004631287002579345,-7.352835159189327e-05,-1.760731051185515e-05,8.348813667188343e-06,0.08542466934357175,-0.0138254747524628,0.004935065172015194,0.0009767253013844865,-0.1179235059486895,0.0009389698416948169,-3.377402069081369e-05,-2.435068683097858,-0.1023800331249162,-0.4378402734097502,3.971035785138484e-05,0.0004541441858920097,1.12701020908184e-05,-2.191821745709378e-05,-2.391101688253413,-0.2717978452550642,-1.115270657891724,0.02514844328813129,0.5362871094890819,0.002906959203221085,37.73815818627438,-0.1015334184995176,-0.003810169434332376,-0.002677609779105219,-0.0003575482527261263,80.61641831689718,1.856429580993448,14.7086823941732,-0.01220182110346838,-6.475155697604042e-05,-0.0008121366317246492,-0.0002142890885007789,0.0001654414856404529,1.892003969009827e-05,42.48562148452218,2.132096218105417,14.31139744931798,-0.2565802099672146,30.96091545402662,0.002171874153606812],
     "termr": [5,4,4,4,3,3,3,3,3,3,2,2,2,2,2,2,2,2,2,2,1,1,1,1,1,1,1,1,1,1,1,1,1,1,1,0,0,0,0,0,0,0,0,0,0,0,0,0,0,0,0,0,0,0,0,0],
     "termu": [0,1,0,0,2,1,1,0,0,0,3,2,2,1,1,1,0,0,0,0,4,3,3,2,2,2,1,1,1,1,0,0,0,0,0,5,4,4,3,3,3,2,2,2,2,1,1,1,1,1,0,0,0,0,0,0],
     "termv": [0,0,1,0,0,1,0,2,1,0,0,1,0,2,1,0,3,2,1,0,0,1,0,2,1,0,3,2,1,0,4,3,2,1,0,0,1,0,2,1,0,3,2,1,0,4,3,2,1,0,5,4,3,2,1,0]
    },
    {
     "outputname": "outz",
     "coeff": [6.380327511977514e-11,-2.94372915423078e-10,-1.671721373921828e-09,-2.035411732081969e-09,-1.23046269015948e-08,-4.81869665670847e-09,5.744717805169808e-09,-5.951606079794307e-08,1.559466887764442e-08,2.294604297835083e-08,-1.592395002676007e-07,2.845509338696323e-08,1.833270781526192e-07,9.036298460714604e-08,3.854067615651594e-08,-3.140518760342766e-08,-5.92390464001064e-07,5.914678852058216e-07,6.399888375680881e-09,-1.117184193013621e-07,-1.217959249062176e-06,-8.704699614643736e-06,9.302266962988897e-07,4.659306123018137e-06,3.431594891720277e-07,-7.52882361564599e-07,-3.859130264269624e-06,-1.41027388641139e-06,5.060946716477231e-07,5.970315602405029e-08,1.161280132466023e-06,4.251908128812345e-06,-1.83065137765606e-06,-2.916284415614327e-07,2.268818515001877e-07,-2.34566756437964e-05,1.79619910566717e-05,-6.060743252574687e-07,-0.0001018444611949763,2.499597370724067e-05,3.880134603800212e-06,0.0001305332995868854,-2.845589924046543e-07,-8.586928573502723e-06,1.252510652357884e-06,-6.282258500044452e-05,5.227020897714238e-06,1.103201237232283e-05,-1.567635254666444e-06,-2.291940811793237e-07,6.31539607542074e-05,5.254841883782528e-06,-1.371453496418484e-05,1.262383694534562e-06,5.823841845535151e-07,0.01000007083846108],
     "termr": [5,4,4,4,3,3,3,3,3,3,2,2,2,2,2,2,2,2,2,2,1,1,1,1,1,1,1,1,1,1,1,1,1,1,1,0,0,0,0,0,0,0,0,0,0,0,0,0,0,0,0,0,0,0,0,0],
     "termu": [0,1,0,0,2,1,1,0,0,0,3,2,2,1,1,1,0,0,0,0,4,3,3,2,2,2,1,1,1,1,0,0,0,0,0,5,4,4,3,3,3,2,2,2,2,1,1,1,1,1,0,0,0,0,0,0],
     "termv": [0,0,1,0,0,1,0,2,1,0,0,1,0,2,1,0,3,2,1,0,0,1,0,2,1,0,3,2,1,0,4,3,2,1,0,0,1,0,2,1,0,3,2,1,0,4,3,2,1,0,5,4,3,2,1,0]
    },
    {
     "outputname": "outu",
     "coeff": [3.771810555456317e-11,7.11075930411814e-07,2.556826173320611e-09,-3.113779061331514e-10,6.82099737764319e-08,1.68297128523519e-06,-6.329862348142687e-06,1.974838056282714e-08,-3.935028020870828e-08,-3.871548005024574e-09,0.0005427365727226471,-6.342935122091866e-07,-9.775083775164431e-07,0.0005925589056319736,-0.0001806009475371732,-0.0001323715303184951,-9.213270041326455e-08,-2.046075075727817e-07,2.068334368990667e-07,4.647997247162874e-08,-7.972334667502221e-06,0.007068302195940514,0.0002059588040003877,1.472799509081982e-06,3.641726804538128e-06,4.005821350408526e-06,0.008111131754294763,0.00125098247367081,0.01002662766293855,-5.213145347042508e-05,1.354624352882941e-06,1.129317737749275e-06,3.320064605793594e-07,-4.454392572347866e-07,-1.277207057073674e-07,0.4376020660052234,-0.0001135243390008676,8.597591874354509e-06,0.8820818710996575,0.01485937275243722,0.1711909018198031,-4.997282237377761e-05,-1.517521014347032e-05,8.819173955523031e-06,-2.354896713755558e-06,0.4419823409501465,0.01183418665249571,0.1701271461205394,-0.001730730062181411,0.7172529966338811,7.298767650924197e-06,-3.539564827144296e-06,-1.903961454147958e-06,5.119445452894414e-07,1.708093649587954e-07,5.167793218429165e-08],
     "termr": [5,4,4,4,3,3,3,3,3,3,2,2,2,2,2,2,2,2,2,2,1,1,1,1,1,1,1,1,1,1,1,1,1,1,1,0,0,0,0,0,0,0,0,0,0,0,0,0,0,0,0,0,0,0,0,0],
     "termu": [0,1,0,0,2,1,1,0,0,0,3,2,2,1,1,1,0,0,0,0,4,3,3,2,2,2,1,1,1,1,0,0,0,0,0,5,4,4,3,3,3,2,2,2,2,1,1,1,1,1,0,0,0,0,0,0],
     "termv": [0,0,1,0,0,1,0,2,1,0,0,1,0,2,1,0,3,2,1,0,0,1,0,2,1,0,3,2,1,0,4,3,2,1,0,0,1,0,2,1,0,3,2,1,0,4,3,2,1,0,5,4,3,2,1,0]
    },
    {
     "outputname": "outv",