{
 "description": "equivalent lens poly",
 "name": "polynomial",
 "thickness": 3.2433179923,
 "planeoffsetoutput": 1,
 "planeoffsetinput": 0.3616965582,
 "polynomials": [
  {
   "wavelength_nm": 550,
   "circleRadii": [0.58],
   "circleSensitivities": [0.044],
   "circlePlaneZ": 2.2,
   "diaphragmIndex": 0,
   "diaphragmToCircleRadius": 1,
   "circleNonlinearRadius": [1,0],
   "circleNonlinearSensitivity": [0,0.0233],
   "pupil_distances": [2.301255230125523],
   "pupilpos": [2.301255230125523],
   "pupilradii": [0.6066945606694562],
   "poly": [
    {
     "outputname": "outx",
     "coeff": [9.825897458032306e-06,-0.06341298852211456,0.0002022509450094545,8.814456561874757e-06,0.0005695966263583685,-0.5513169329463626,0.2375264685102809,0.001499264375333133,-9.107218967089731e-05,-7.180110864288957e-05,-1.719582399813776,0.005706671164947385,-0.0008447365828358989,-1.581497263722691,2.454942265597566,-0.02297595255797981,0.005797537086079143,-0.001096575025547565,-0.0006468192116690719,8.618344593050386e-07,0.008116354298687166,-5.877893063539564,5.193487457227672,0.02480221213496496,-0.005895327872758608,-0.0007540922289894556,-1.176495395559918,10.12319422817551,0.1775931562559797,0.1410888997463554,0.0137892639905604,-0.00245246954723518,-0.001687511779161666,0.0001274998073086425,2.114682413660026e-05,-10.80843287687203,0.05768553062271657,0.002151894218227271,-5.404276138010413,21.98201647380017,0.1984688554947331,0.05820202357831772,-0.009219617889129981,-0.00337775893068844,3.08638316057407e-05,0.635861396405988,18.56834328947067,0.3011143977185752,-0.6790933240670148,-0.01524795798756601,0.01956668736176845,-4.085018910695852e-05,-0.001358022655625315,0.0004259115834514094,7.052307494479634e-05,-2.164130841832656e-06,-0.01386860002374117,-5.374935818143691,13.43674993405961,0.0797296779084215,0.0001480928179805495,0.0003916151024621349,2.331640765320809,27.99230086151711,-0.4913994188010192,-0.936551359705134,0.05547045734540957,-0.0009347155642550004,-0.003769067752252247,0.0001746348916931899,1.161547253582638e-05,-1.947927343712726,10.97547553950879,-0.3700989037729253,-0.9396813638976313,0.01863954431835658,2.500093979334881,0.01107994466124515,0.000761457963746977,-0.001211706893734194,1.242668679638905e-05,2.221815181237044e-05,-4.86030530903741e-06,-1.47643665206818e-07],
     "termr": [6,5,5,5,4,4,4,4,4,4,3,3,3,3,3,3,3,3,3,3,2,2,2,2,2,2,2,2,2,2,2,2,2,2,2,1,1,1,1,1,1,1,1,1,1,1,1,1,1,1,1,1,1,1,1,1,0,0,0,0,0,0,0,0,0,0,0,0,0,0,0,0,0,0,0,0,0,0,0,0,0,0,0,0],
     "termu": [0,1,0,0,2,1,1,0,0,0,3,2,2,1,1,1,0,0,0,0,4,3,3,2,2,2,1,1,1,1,0,0,0,0,0,5,4,4,3,3,3,2,2,2,2,1,1,1,1,1,0,0,0,0,0,0,6,5,5,4,4,4,3,3,3,3,2,2,2,2,2,1,1,1,1,1,1,0,0,0,0,0,0,0],
     "termv": [0,0,1,0,0,1,0,2,1,0,0,1,0,2,1,0,3,2,1,0,0,1,0,2,1,0,3,2,1,0,4,3,2,1,0,0,1,0,2,1,0,3,2,1,0,4,3,2,1,0,5,4,3,2,1,0,0,1,0,2,1,0,3,2,1,0,4,3,2,1,0,5,4,3,2,1,0,6,5,4,3,2,1,0]
    },
    {
     "outputname": "outy",
     "coeff": [-0.3295187504124754,0.0003610752280650522,-2.771062361399484,1.264847470033619,-0.5384180849744489,0.004383670156322869,-0.0006450030874256774,-14.78529175547589,5.643517513385357,-2.142542960171846,-0.0006853598217831371,-3.841608453594793,1.750820584024582,0.02234120450710724,-0.006938784733714704,-0.0004508479814162472,-58.77688798475873,6.768550122568103,-7.78606144069458,1.666252304884047,-7.886108766145229,-0.007717858523888407,-0.00185108439256215,-14.47397404386773,8.007608132465565,-1.071938612051224,0.0628559415120751,-0.02662593918457505,-0.003916466780308717,-1.898687189491151e-05,-145.2599463185049,-3.649096552826522,-8.716763464378703,4.288738178143746,-0.3586728381122831,-0.01896515111494307,-34.23555053342544,4.159111455994834,-0.02177589850009084,-0.007452733828846109,0.001059685374224941,-29.39340779541001,18.37260324462753,-0.2163136997833519,0.2931971214825508,0.11238626112909,-0.02337677542697032,-0.001579074222089521,0.00163499147811142,0.000111276859945069,-190.2808435701367,-10.59190263341922,2.413609098055891,3.764248976049044,-0.4269246154064042,0.5323571390771303,-16.21513531240789,-0.01283800600099938,0.006199865788464906,-34.52830348396323,13.0369352189926,1.788610109676281,-0.01617402387738676,-0.007291924066451284,0.0005021488721104106,-0.0003482247886412709,-31.22413931470369,11.7505472450758,0.6313310867246354,-0.3800495574856311,-0.08106315506187808,0.08360111363790493,-0.003150464160467866,-0.002251883501099161,0.0004666496828270497,-3.300803880271632e-05,-4.208616077779421e-06,-102.2495253907718,-5.011659849417597,6.943033010490935,1.22747865639404,-0.2829636471185416,2.47492294128885,0.001196333281303761],
     "termr": [6,5,5,5,4,4,4,4,4,4,3,3,3,3,3,3,3,3,3,3,2,2,2,2,2,2,2,2,2,2,2,2,2,2,2,1,1,1,1,1,1,1,1,1,1,1,1,1,1,1,1,1,1,1,1,1,0,0,0,0,0,0,0,0,0,0,0,0,0,0,0,0,0,0,0,0,0,0,0,0,0,0,0,0],
     "termu": [0,1,0,0,2,1,1,0,0,0,3,2,2,1,1,1,0,0,0,0,4,3,3,2,2,2,1,1,1,1,0,0,0,0,0,5,4,4,3,3,3,2,2,2,2,1,1,1,1,1,0,0,0,0,0,0,6,5,5,4,4,4,3,3,3,3,2,2,2,2,2,1,1,1,1,1,1,0,0,0,0,0,0,0],
     "termv": [0,0,1,0,0,1,0,2,1,0,0,1,0,2,1,0,3,2,1,0,0,1,0,2,1,0,3,2,1,0,4,3,2,1,0,0,1,0,2,1,0,3,2,1,0,4,3,2,1,0,5,4,3,2,1,0,0,1,0,2,1,0,3,2,1,0,4,3,2,1,0,5,4,3,2,1,0,6,5,4,3,2,1,0]
    },
    {
     "outputname": "outz",
     "coeff": [-1.995500795962384e-15,-1.34042640414572e-14,-2.650222684522631e-13,-7.45292864958585e-14,2.41111144555436e-13,-1.848070840158488e-13,-2.79161197738222e-14,-3.907334126450924e-12,-1.701104968810288e-12,-1.300767594842221e-13,-5.511378152649013e-13,-6.309378214443431e-12,-5.139257177089966e-12,-1.249853859192848e-12,-5.049066735777752e-13,-6.751436568771871e-15,-2.562144848644959e-11,-1.448484379308352e-11,-1.894144465814697e-12,-5.478731567806871e-14,-2.768853757252369e-11,-6.077792658388574e-12,-7.029433365920273e-13,-7.414796325884873e-11,-5.17298933388198e-11,-1.440990350448707e-12,-5.275356842039443e-12,-3.44018338927371e-12,-2.118983961796424e-13,7.872993742656577e-15,-6.891159588642647e-11,-3.130494991987156e-11,5.708285330114914e-12,3.510356278672383e-12,3.377075391290723e-13,3.258711248679426e-12,-3.111148635313262e-10,-6.283649554236171e-11,-2.340114171688208e-11,-5.138338902614272e-12,-9.525304800271616e-14,-1.636856115580522e-10,-7.438221778532448e-11,3.234059391579896e-11,6.669800007602466e-12,-1.101228605295619e-11,-7.72922486373607e-12,1.044662678782015e-13,2.679259672948417e-13,1.32236532899727e-14,-6.303835681527576e-11,-1.051218678486236e-12,2.709355919262032e-11,5.40228729415683e-12,-9.255953013301922e-13,-1.966524659913125e-13,5.536750701280893e-10,9.3635648423563e-12,-1.827286894666044e-12,-5.200393955001599e-10,-6.584810726876779e-11,-2.763054384504246e-12,-2.871626019293977e-11,-6.571868619729153e-12,8.393258689771219e-13,2.738293784875657e-13,-6.583519266238745e-11,1.463856405968443e-11,5.111460860718526e-11,9.345704618381885e-13,-2.419398252293148e-12,-8.478964987849972e-12,-4.948163137601697e-12,1.223463507352229e-12,4.386059537042092e-13,-2.119659494717976e-14,-6.094560912604414e-15,9.433446604311345e-12,4.119994015351945e-11,2.026007502943213e-11,-1.85199373808617e-12,-1.737383360855709e-12,1.009750877761426e-14,4.605015000000044],
     "termr": [6,5,5,5,4,4,4,4,4,4,3,3,3,3,3,3,3,3,3,3,2,2,2,2,2,2,2,2,2,2,2,2,2,2,2,1,1,1,1,1,1,1,1,1,1,1,1,1,1,1,1,1,1,1,1,1,0,0,0,0,0,0,0,0,0,0,0,0,0,0,0,0,0,0,0,0,0,0,0,0,0,0,0,0],
     "termu": [0,1,0,0,2,1,1,0,0,0,3,2,2,1,1,1,0,0,0,0,4,3,3,2,2,2,1,1,1,1,0,0,0,0,0,5,4,4,3,3,3,2,2,2,2,1,1,1,1,1,0,0,0,0,0,0,6,5,5,4,4,4,3,3,3,3,2,2,2,2,2,1,1,1,1,1,1,0,0,0,0,0,0,0],
     "termv": [0,0,1,0,0,1,0,2,1,0,0,1,0,2,1,0,3,2,1,0,0,1,0,2,1,0,3,2,1,0,4,3,2,1,0,0,1,0,2,1,0,3,2,1,0,4,3,2,1,0,5,4,3,2,1,0,0,1,0,2,1,0,3,2,1,0,4,3,2,1,0,5,4,3,2,1,0,6,5,4,3,2,1,0]
    },
    {
     "outputname": "outu",