{
 "description": "equivalent lens poly",
 "name": "polynomial",
 "thickness": 3.2433179923,
 "planeoffsetoutput": 1,
 "planeoffsetinput": 0.3616965582,
 "polynomials": [
  {
   "wavelength_nm": 550,
   "circleRadii": [0.58,0.58],
   "circleSensitivities": [0.044,0.044],
   "circlePlaneZ": 2.2,
   "diaphragmIndex": 1,
   "diaphragmToCircleRadius": 1,
   "planes": {
    "input": -3.6050145505,
    "output": 1
   },
   "pupil_distances": [2.301255230125523,2.301255230125523],
   "pupilpos": [2.301255230125523,2.301255230125523],
   "pupilradii": [0.6066945606694562,0.6066945606694562],
   "poly": [
    {
     "outputname": "outx",
     "coeff": [9.825897455707648e-06,-0.06341298852213892,0.0002022509449324439,8.814456547970443e-06,0.0005695966263299569,-0.5513169329469003,0.2375264685102065,0.001499264374401508,-9.107218995171386e-05,-7.180110865605875e-05,-1.719582399813845,0.005706671164225614,-0.0008447365829883233,-1.581497263726678,2.454942265596814,-0.02297595255797347,0.005797537080681377,-0.00109657502752873,-0.0006468192117559655,8.618344717490549e-07,0.008116354298787371,-5.877893063540462,5.193487457227323,0.02480221212980578,-0.005895327874211448,-0.0007540922289871818,-1.176495395572724,10.12319422817354,0.1775931562564257,0.1410888997464267,0.0137892639743122,-0.002452469553686931,-0.001687511779242087,0.0001274998074245173,2.114682413765797e-05,-10.80843287687449,0.05768553062342092,0.002151894218391724,-5.40427613800813,21.98201647380211,0.1984688554954718,0.05820202356345341,-0.009219617894200305,-0.003377758930833541,3.086383159332565e-05,0.6358613963876656,18.56834328946958,0.3011143977197754,-0.6790933240670506,-0.01524795798761043,0.01956668733732989,-4.085019875141164e-05,-0.001358022654974036,0.0004259115838799825,7.052307495865558e-05,-2.164130842019386e-06,-0.01386860002094029,-5.374935818084467,13.43674993407714,0.07972967790826374,0.0001480928173634586,0.0003916151020871658,2.331640765345645,27.99230086153453,-0.4913994188014519,-0.9365513597063103,0.05547045733064019,-0.0009347155695583098,-0.00376906775211611,0.0001746348918164341,1.161547255367047e-05,-1.947927343722471,10.97547553950984,-0.3700989037721042,-0.9396813638978541,0.01863954431834082,2.500093979334894,0.01107994464671834,0.0007614579584033862,-0.001211706892671782,1.242668721216611e-05,2.221815180175639e-05,-4.860305315275966e-06,-1.476436654989601e-07],
     "termr": [6,5,5,5,4,4,4,4,4,4,3,3,3,3,3,3,3,3,3,3,2,2,2,2,2,2,2,2,2,2,2,2,2,2,2,1,1,1,1,1,1,1,1,1,1,1,1,1,1,1,1,1,1,1,1,1,0,0,0,0,0,0,0,0,0,0,0,0,0,0,0,0,0,0,0,0,0,0,0,0,0,0,0,0],
     "termu": [0,1,0,0,2,1,1,0,0,0,3,2,2,1,1,1,0,0,0,0,4,3,3,2,2,2,1,1,1,1,0,0,0,0,0,5,4,4,3,3,3,2,2,2,2,1,1,1,1,1,0,0,0,0,0,0,6,5,5,4,4,4,3,3,3,3,2,2,2,2,2,1,1,1,1,1,1,0,0,0,0,0,0,0],
     "termv": [0,0,1,0,0,1,0,2,1,0,0,1,0,2,1,0,3,2,1,0,0,1,0,2,1,0,3,2,1,0,4,3,2,1,0,0,1,0,2,1,0,3,2,1,0,4,3,2,1,0,5,4,3,2,1,0,0,1,0,2,1,0,3,2,1,0,4,3,2,1,0,5,4,3,2,1,0,6,5,4,3,2,1,0]
    },
    {
     "outputname": "outy",
     "coeff": [-0.3295187504117997,0.0003610752281765178,-2.771062361387685,1.264847470032364,-0.5384180849666815,0.004383670159266936,-0.000645003086972261,-14.78529175539035,5.643517513369522,-2.142542960171451,-0.0006853598206938028,-3.841608453422274,1.750820584053554,0.02234120453118228,-0.006938784729002012,-0.0004508479815431744,-58.77688798441404,6.768550122499093,-7.786061440687287,1.666252304885407,-7.886108765791795,-0.007717858505293497,-0.001851084388139256,-14.47397404278238,8.007608132724437,-1.071938612049568,0.06285594160305136,-0.02662593916272746,-0.003916466780621058,-1.898687192744976e-05,-145.2599463177802,-3.649096553118954,-8.716763464451047,4.288738178124134,-0.3586728381152239,-0.01896515112286191,-34.23555053098234,4.159111456340076,-0.02177589841138655,-0.007452733795088037,0.001059685376859845,-29.39340779330182,18.37260324465356,-0.2163137001026017,0.2931971214345703,0.112386261291465,-0.02337677538387219,-0.001579074226140739,0.001634991476476544,0.000111276859800054,-190.2808435694934,-10.59190263412217,2.413609097821697,3.764248976037625,-0.4269246153969609,0.5323571390789458,-16.21513531091423,-0.01283800595269136,0.00619986581253054,-34.52830348166953,13.03693521864355,1.78861010934894,-0.01617402374687872,-0.007291924012321022,0.0005021488693703113,-0.0003482247910873498,-31.22413931375081,11.75054724436742,0.6313310862885697,-0.3800495574714066,-0.08106315504325226,0.08360111374756531,-0.003150464131148147,-0.002251883508785379,0.0004666496802404955,-3.30080387396455e-05,-4.208616019056725e-06,-102.249525390756,-5.011659850062927,6.943033010342448,1.227478656434814,-0.2829636471045791,2.474922941288463,0.001196333280978779],
     "termr": [6,5,5,5,4,4,4,4,4,4,3,3,3,3,3,3,3,3,3,3,2,2,2,2,2,2,2,2,2,2,2,2,2,2,2,1,1,1,1,1,1,1,1,1,1,1,1,1,1,1,1,1,1,1,1,1,0,0,0,0,0,0,0,0,0,0,0,0,0,0,0,0,0,0,0,0,0,0,0,0,0,0,0,0],
     "termu": [0,1,0,0,2,1,1,0,0,0,3,2,2,1,1,1,0,0,0,0,4,3,3,2,2,2,1,1,1,1,0,0,0,0,0,5,4,4,3,3,3,2,2,2,2,1,1,1,1,1,0,0,0,0,0,0,6,5,5,4,4,4,3,3,3,3,2,2,2,2,2,1,1,1,1,1,1,0,0,0,0,0,0,0],
     "termv": [0,0,1,0,0,1,0,2,1,0,0,1,0,2,1,0,3,2,1,0,0,1,0,2,1,0,3,2,1,0,4,3,2,1,0,0,1,0,2,1,0,3,2,1,0,4,3,2,1,0,5,4,3,2,1,0,0,1,0,2,1,0,3,2,1,0,4,3,2,1,0,5,4,3,2,1,0,6,5,4,3,2,1,0]
    },
    {
     "outputname": "outz",
     "coeff": [-8.595521208987755e-15,2.270847362412944e-14,-1.926115125632483e-13,-1.366106932287715e-14,-8.317137026721268e-14,3.833245031398344e-13,-1.323445562933507e-14,-8.814696048480869e-13,5.964359087941844e-13,1.80002422048457e-13,8.630901924216324e-13,3.71029816706566e-12,2.164355351531749e-12,2.609116736584032e-12,-1.536637498803547e-13,-2.783119831776897e-14,3.772787193990607e-14,5.214543765510356e-12,8.345314846558313e-13,-1.682468930671857e-13,1.020223278738671e-11,7.915495393962248e-12,-2.158902210298186e-13,3.383872123621787e-11,1.389133970319137e-11,-1.702306459721926e-12,8.973996803039237e-12,-5.985415790023041e-13,-2.016712444300972e-13,3.162284983861567e-14,7.037120234877327e-12,1.243393861294749e-11,-1.681461186681303e-12,-1.407424097931157e-12,2.030382890973136e-14,7.292178392476937e-12,6.846901879165737e-11,9.427313167246895e-12,2.636245667648398e-11,-3.671331215092708e-13,-6.231306676379863e-13,9.052908510895613e-11,1.762820722457812e-11,-1.389150155779394e-11,-9.291713395542186e-13,1.502716022897873e-11,-1.841369334681646e-12,-1.087130137682276e-12,2.856831611350644e-14,-9.447309764841107e-16,1.399974960725913e-11,8.477716543347706e-12,-8.823123249953206e-12,-2.046498716278834e-12,4.85119896763899e-13,3.113302769236714e-14,1.840730565586407e-10,2.368881424151635e-11,-4.100256608223884e-14,1.134816855948132e-10,-1.397141628388628e-12,-1.740301368712407e-11,2.627239144293305e-11,-2.311802615687319e-12,-2.06199620527457e-12,1.029135482259474e-13,9.001052414391725e-11,5.280746714403671e-12,-1.684476006620299e-11,5.040477565399578e-13,5.602758980721454e-13,9.800322437050069e-12,-1.947273808176332e-12,-1.12155881005975e-12,1.768619259296777e-13,3.559604623347044e-14,-2.246177037744061e-15,1.059071186238585e-11,4.660445885095402e-13,-7.424594959983524e-12,-3.546230877620815e-13,6.315356167679078e-13,-7.861083099300028e-15,4.605014999999991],
     "termr": [6,5,5,5,4,4,4,4,4,4,3,3,3,3,3,3,3,3,3,3,2,2,2,2,2,2,2,2,2,2,2,2,2,2,2,1,1,1,1,1,1,1,1,1,1,1,1,1,1,1,1,1,1,1,1,1,0,0,0,0,0,0,0,0,0,0,0,0,0,0,0,0,0,0,0,0,0,0,0,0,0,0,0,0],
     "termu": [0,1,0,0,2,1,1,0,0,0,3,2,2,1,1,1,0,0,0,0,4,3,3,2,2,2,1,1,1,1,0,0,0,0,0,5,4,4,3,3,3,2,2,2,2,1,1,1,1,1,0,0,0,0,0,0,6,5,5,4,4,4,3,3,3,3,2,2,2,2,2,1,1,1,1,1,1,0,0,0,0,0,0,0],
     "termv": [0,0,1,0,0,1,0,2,1,0,0,1,0,2,1,0,3,2,1,0,0,1,0,2,1,0,3,2,1,0,4,3,2,1,0,0,1,0,2,1,0,3,2,1,0,4,3,2,1,0,5,4,3,2,1,0,0,1,0,2,1,0,3,2,1,0,4,3,2,1,0,5,4,3,2,1,0,6,5,4,3,2,1,0]
    },
    {
     "outputname": "outu",