{
 "description": "equivalent lens poly",
 "name": "polynomial",
 "thickness": 4.827,
 "planeoffsetoutput": 1.48002192,
 "planeoffsetinput": 0.464135918,
 "polynomials": [
  {
   "wavelength_nm": 550,
   "circleRadii": [0.3802],
   "circleSensitivities": [0.0522],
   "circlePlaneZ": 2.5893,
   "diaphragmIndex": 0,
   "diaphragmToCircleRadius": 1,
   "circleNonlinearRadius": [1, 0, 0.0741, 0.05 ,-0.0360 ,0, 0.0012],
   "circleNonlinearSensitivity": [0.0522, -0.0237, 0.0456],
   "pupil_distances": [2.731905465288036],
   "pupilpos": [2.731905465288036],
   "pupilradii": [0.4011394809031442],
   "poly": [
    {
     "outputname": "outx",
     "coeff": [-1.494681467626249e-09,-0.007956894511704542,-2.72021228891015e-08,-3.52833017730338e-10,-5.494353154651351e-08,-0.001510698472183313,0.1128197708056085,-9.020579729024484e-08,9.121433362334721e-08,2.584358450972217e-08,-0.3419985546735476,-4.419424084691002e-07,-1.763463521446885e-08,-0.1434873343613691,-0.2061376820721112,0.0165967639599922,-1.056880655339254e-07,3.83426381270773e-07,8.37378905854095e-08,-9.522123368332772e-09,-2.053824777087317e-06,-1.444795089899423,-0.1742260347045564,-1.313908701028829e-06,-2.474179244456304e-07,5.281791669397062e-08,-0.1547678485861463,-0.240911682698866,0.0381466360142606,4.38706018300139,-1.013470172123956e-07,3.857879162853389e-07,7.592969310663745e-08,-1.346153516789952e-08,5.114924788995202e-10],
     "termr": [4,3,3,3,2,2,2,2,2,2,1,1,1,1,1,1,1,1,1,1,0,0,0,0,0,0,0,0,0,0,0,0,0,0,0],
     "termu": [0,1,0,0,2,1,1,0,0,0,3,2,2,1,1,1,0,0,0,0,4,3,3,2,2,2,1,1,1,1,0,0,0,0,0],
     "termv": [0,0,1,0,0,1,0,2,1,0,0,1,0,2,1,0,3,2,1,0,0,1,0,2,1,0,3,2,1,0,4,3,2,1,0]
    },
    {
     "outputname": "outy",
     "coeff": [0.01101843930884817,-7.952600525541213e-06,0.1974325725066182,-0.03423429844504822,0.243889864172171,-0.0001472949703281916,-2.229962508979996e-05,1.576883178174389,0.5508290057911414,0.1035185127279106,0.0002462365245025997,2.357145847047284,0.04526305397964959,-0.0007848307323138065,-0.0001803533286188276,-3.627352086273763e-06,5.040284747927775,0.5053000567205342,-0.1047802911042557,1.162485271860225,0.4125232626502046,0.0008182726446942328,-2.099725751627653e-05,5.734188357985908,0.2439747512929079,-0.06421801165564238,-0.001233509821352837,-0.00031618479337306,1.107666443189873e-07,1.682143377031421e-06,5.953348839388354,0.7553773313266328,-0.2005887578380066,4.382997269945795,0.002473620651710258],
     "termr": [4,3,3,3,2,2,2,2,2,2,1,1,1,1,1,1,1,1,1,1,0,0,0,0,0,0,0,0,0,0,0,0,0,0,0],
     "termu": [0,1,0,0,2,1,1,0,0,0,3,2,2,1,1,1,0,0,0,0,4,3,3,2,2,2,1,1,1,1,0,0,0,0,0],
     "termv": [0,0,1,0,0,1,0,2,1,0,0,1,0,2,1,0,3,2,1,0,0,1,0,2,1,0,3,2,1,0,4,3,2,1,0]
    },
    {
     "outputname": "outz",
     "coeff": [9.69869735697489e-15,-7.562796823897834e-16,1.427002705563498e-13,-1.484651398220278e-14,-1.533497138631058e-13,-1.919983424168051e-14,-7.433032065944037e-15,7.793552775838213e-13,-2.242823679641991e-13,-3.093937703549308e-14,2.991573561842751e-13,7.518401665167412e-13,-2.935156170812686e-14,-9.079668166359141e-14,-2.819905054454145e-14,5.989234151004283e-15,3.144522706545209e-12,1.211663812868615e-13,4.361607052866265e-14,1.215247180050356e-14,-1.159261161805899e-11,1.944658183966372e-12,2.411392709142093e-13,1.113076362409027e-11,1.433855347273423e-12,-2.710252809491042e-13,-1.39104604761658e-13,-5.373761721422985e-14,-1.232816316052042e-14,-4.326153995504382e-15,7.076863759291326e-12,3.207768164774037e-12,4.996410220702587e-13,-1.888167747338383e-14,6.300158000000001],
     "termr": [4,3,3,3,2,2,2,2,2,2,1,1,1,1,1,1,1,1,1,1,0,0,0,0,0,0,0,0,0,0,0,0,0,0,0],
     "termu": [0,1,0,0,2,1,1,0,0,0,3,2,2,1,1,1,0,0,0,0,4,3,3,2,2,2,1,1,1,1,0,0,0,0,0],
     "termv": [0,0,1,0,0,1,0,2,1,0,0,1,0,2,1,0,3,2,1,0,0,1,0,2,1,0,3,2,1,0,4,3,2,1,0]
    },
    {
     "outputname": "outu",
     "coeff": [-4.570711513558071e-08,0.001123455949358712,-9.994985070285017e-07,-1.000539199940317e-07,4.521813779283548e-07,0.001071564528648999,-0.008308297922878138,-7.979980902248799e-06,-1.499818126525243e-06,-2.985324209188471e-08,-0.09771950686453701,4.185787849232526e-06,4.806349656243538e-07,-0.02263420722103265,-0.05626043298305471,-0.001436055393016377,-2.718179648800889e-05,-6.957317719637401e-06,-1.637855656563467e-07,1.69938382658625e-08,6.484921646717834e-06,-0.489085312838925,-0.1237001653928696,5.972072844443991e-06,-6.788325495656977e-08,-2.678279660285406e-07,-0.03988005645632973,-0.0944109586234253,0.0021625332650421,0.005183493469182997,-3.281510503362453e-05,-9.613408339496689e-06,9.190265018089373e-08,1.176407885958818e-07,2.451722952020285e-09],
     "termr": [4,3,3,3,2,2,2,2,2,2,1,1,1,1,1,1,1,1,1,1,0,0,0,0,0,0,0,0,0,0,0,0,0,0,0],
     "termu": [0,1,0,0,2,1,1,0,0,0,3,2,2,1,1,1,0,0,0,0,4,3,3,2,2,2,1,1,1,1,0,0,0,0,0],
     "termv": [0,0,1,0,0,1,0,2,1,0,0,1,0,2,1,0,3,2,1,0,0,1,0,2,1,0,3,2,1,0,4,3,2,1,0]
    },
    {
     "outputname": "outv",
     "coeff": [-0.0003234634639783314,-7.873492459812455e-07,0.006483474710593719,0.005387436801805234,0.000675363108554093,-1.45654979435839e-05,-2.199689366385998e-06,0.03785538620638862,-0.007351957924061345,0.002855274659445286,2.476462390298987e-05,-0.0006830235970017936,-0.01472258542701005,-7.751518725538812e-05,-1.775782698745822e-05,-3.56200026749207e-07,0.1017539672110411,-0.02647319598785207,-0.00208146351568344,-0.2300070663796331,-0.06489830855099493,8.290765593095975e-05,-1.905890896268029e-06,-0.02134286771932272,-0.0693612540135263,-0.00148967815876354,-0.0001216070132679723,-3.099889172665538e-05,2.801415771502075e-08,1.64959102964745e-07,0.1020427203071861,-0.0376962525942023,-0.006215836096899997,0.003836736216889005,0.000115250043617192],
     "termr": [4,3,3,3,2,2,2,2,2,2,1,1,1,1,1,1,1,1,1,1,0,0,0,0,0,0,0,0,0,0,0,0,0,0,0],
     "termu": [0,1,0,0,2,1,1,0,0,0,3,2,2,1,1,1,0,0,0,0,4,3,3,2,2,2,1,1,1,1,0,0,0,0,0],
     "termv": [0,0,1,0,0,1,0,2,1,0,0,1,0,2,1,0,3,2,1,0,0,1,0,2,1,0,3,2,1,0,4,3,2,1,0]
    },
    {
     "outputname": "outw",
     "coeff": [-0.0003507427086586024,-6.647261362602222e-07,0.0005977124844270745,0.005947280802228394,-0.001535680813921354,-1.229717498532951e-05,-1.857174928738473e-06,0.02464540379452544,0.02119270589047089,-0.03028024857031469,2.090900025928109e-05,0.01261715753326081,0.01158052129442497,-6.544321702714272e-05,-1.499221227946683e-05,-3.006469387811823e-07,0.08806668006866473,0.04989133425606247,-0.00700624923512404,0.0008208194381794015,-0.01727028521522529,7.000119515342698e-05,-1.609064658897069e-06,0.05335820886584281,0.02549869993897431,-0.002501983771704611,-0.0001026673972863936,-2.617038401928787e-05,2.384592992054104e-08,1.392602855515026e-07,0.09748717993986257,0.04413097226666673,-0.008152678130081565,6.945042571520969e-05,0.9999830556959436],
     "termr": [4,3,3,3,2,2,2,2,2,2,1,1,1,1,1,1,1,1,1,1,0,0,0,0,0,0,0,0,0,0,0,0,0,0,0],
     "termu": [0,1,0,0,2,1,1,0,0,0,3,2,2,1,1,1,0,0,0,0,4,3,3,2,2,2,1,1,1,1,0,0,0,0,0],
     "termv": [0,0,1,0,0,1,0,2,1,0,0,1,0,2,1,0,3,2,1,0,0,1,0,2,1,0,3,2,1,0,4,3,2,1,0]
    }
   ]
  }
 ]
}