{
 "description": "",
 "name": "petzval-zemax-5mminput",
 "thickness": 143.88312,
 "planeoffsetoutput": 5,
 "planeoffsetinput": 5,
 "useDZpolynomial": false,
 "polynomials": [
  {
   "wavelength_nm": 550,
   "passnopass": {
     "method": "circles",
     "radii":  [  5.7400 ,  42.6700 ,   9.6500],
     "sensitivities":[0.7154,   -1.6999,    0.3048],
     "intersectPlaneDistance": 17
   },
   "poly": [
    {
     "outputname": "outx",
     "coeff": [0.0001109565482165627,0.007655090799790714,-0.000917990320265227,0.004981309075107734,0.05527979806216383,-0.07747688727530268,0.002222725747502139,-2.762802723916233,-0.2540371211926228,-3.241875637683938,-1.143382794834609,0.06772010366907183,0.03678887522460969,-30.63653486095263,-73.98466561117306,-1.698572513977304,-1.325008324332803,-42.79134905549778,-0.6010614845433766,0.9357569607330851,-0.0187026629266088,87.57632415400022],
     "termr": [4,3,3,2,2,2,2,1,1,1,1,1,1,0,0,0,0,0,0,0,0,0],
     "termdx": [1,1,1,3,1,1,1,3,3,1,1,1,1,5,3,3,3,1,1,1,1,1],
     "termdy": [0,1,0,0,2,1,0,1,0,3,2,1,0,0,2,1,0,4,3,2,1,0]
    },
    {
     "outputname": "outy",
     "coeff": [7.025159315948107e-06,0.0008570925656476517,-4.193713528135342e-05,0.004118775374357093,0.02875722689145456,-0.008381685920397916,-0.001186448347030298,0.0903646243652475,-0.04048205942031494,0.1896948663738224,-0.2930395070507341,0.01704807909802154,0.009779442475858491,-0.403603872212481,-4.02445114983025,-1.310739372386901,0.003061867325571109,-4.091314250975457,-2.491339248603382,0.6138518523318668,0.1548247925739717,1.172838027552974,-37.5237505263713,-0.7713741145074835,-89.97425522985229,-3.287977945382524,1.28065606785899,0.05660270489109191,-48.00658064664633,-0.06050598015616661,3.548709623248071,-0.3995768957576786,87.37008430593077,0.01279994824191918],
     "termr": [5,4,4,3,3,3,3,2,2,2,2,2,2,1,1,1,1,1,1,1,1,1,0,0,0,0,0,0,0,0,0,0,0,0],
     "termdx": [0,0,0,2,0,0,0,2,2,0,0,0,0,4,2,2,2,0,0,0,0,0,4,4,2,2,2,2,0,0,0,0,0,0],
     "termdy": [0,1,0,0,2,1,0,1,0,3,2,1,0,0,2,1,0,4,3,2,1,0,1,0,3,2,1,0,5,4,3,2,1,0]
    },
    {
     "outputname": "outz",
     "coeff": [4.999999999999985],
     "termr": [0],
     "termdx": [0],
     "termdy": [0]
    },
    {
     "outputname": "outdx",
     "coeff": [4.084879231493299e-07,1.822299049264162e-05,-4.861890731456425e-06,6.310044318509348e-05,-6.597636332615632e-05,-0.0003310540340370843,-2.663747495653195e-06,0.004753857095857397,-0.001650650384605575,0.0003784607738909152,-0.004707568295478267,0.001737510575568697,0.0001766003575198231,0.5690083909038582,1.064032916910298,0.01523840392867831,0.02867845059515958,0.5035484830226801,0.0253956567965652,0.04007338206436453,-0.002026889663024437,0.1019178474489726],
     "termr": [4,3,3,2,2,2,2,1,1,1,1,1,1,0,0,0,0,0,0,0,0,0],
     "termdx": [1,1,1,3,1,1,1,3,3,1,1,1,1,5,3,3,3,1,1,1,1,1],
     "termdy": [0,1,0,0,2,1,0,1,0,3,2,1,0,0,2,1,0,4,3,2,1,0]
    },
    {
     "outputname": "outdy",
     "coeff": [2.844190611601117e-08,2.95394583010149e-06,-1.908047069221885e-07,9.868030592697202e-06,6.813349494729989e-05,-3.697880152518686e-05,-3.206647485636854e-06,2.1184771693078e-05,-0.0001709969971486554,-0.0001355837007917257,-0.001120967822757588,7.655582309516989e-05,4.054320374398851e-05,0.001526671496030212,0.001859612609008008,-0.005508676216029266,0.0008227170001004329,-0.002026524082453173,-0.008270060640175561,0.004902103470778767,0.0004971852251180638,-0.01013636855872874,0.5196527592576655,0.003645779358189666,0.9839282027206507,0.03299356751592192,0.04279268031286683,-0.0008911469249726617,0.4871466159045196,0.03919005365758353,0.04981187118183434,-0.005240111002623026,0.1010673387201285,9.349640056077751e-05],
     "termr": [5,4,4,3,3,3,3,2,2,2,2,2,2,1,1,1,1,1,1,1,1,1,0,0,0,0,0,0,0,0,0,0,0,0],
     "termdx": [0,0,0,2,0,0,0,2,2,0,0,0,0,4,2,2,2,0,0,0,0,0,4,4,2,2,2,2,0,0,0,0,0,0],
     "termdy": [0,1,0,0,2,1,0,1,0,3,2,1,0,0,2,1,0,4,3,2,1,0,1,0,3,2,1,0,5,4,3,2,1,0]
    },
    {
     "outputname": "outdz",
     "coeff": [6.707647591791304e-09,6.44168939604179e-07,-7.506526012171892e-08,1.483459790112435e-06,1.110862910549149e-05,-1.061704981804935e-05,-4.749970476514361e-07,-4.124100645569178e-05,-2.651417254850071e-05,-7.678341032505484e-05,-0.0001880664116190084,4.978561829518873e-05,-4.124642276403629e-05,-0.000294998342870837,-0.001523653972927634,0.0004414102853650927,0.0001828526737933117,-0.0009390807076684775,0.0004791229710648004,0.0009269954457266328,0.0009866699845234818,-3.213977683097913e-05,0.07527135174421141,-0.008176894030501845,0.1491534575744756,-0.0007362427608812051,-0.007640444714876005,-0.005517655700043361,0.07730617294957506,0.007121853264787173,-0.007482334125707227,-0.007121536065204661,0.0001196780285631477,1.000034643626354],
     "termr": [5,4,4,3,3,3,3,2,2,2,2,2,2,1,1,1,1,1,1,1,1,1,0,0,0,0,0,0,0,0,0,0,0,0],
     "termdx": [0,0,0,2,0,0,0,2,2,0,0,0,0,4,2,2,2,0,0,0,0,0,4,4,2,2,2,2,0,0,0,0,0,0],
     "termdy": [0,1,0,0,2,1,0,1,0,3,2,1,0,0,2,1,0,4,3,2,1,0,1,0,3,2,1,0,5,4,3,2,1,0]
    }
   ]
  }
 ]
}