{
 "description": "",
 "name": "petzval-zemax-5mminput",
 "thickness": 143.88312,
 "planeoffsetoutput": 5,
 "planeoffsetinput": 5,
 "useDZpolynomial": false,
 "polynomials": [
  {
   "wavelength_nm": 550,
     "passnopass": {
     "method": "circles",
     "radii":  [  5.7400 ,  42.6700 ,   9.6500],
     "sensitivities":[0.7154,   -1.6999,    0.3048],
     "intersectPlaneDistance": 17
    },
   "poly": [
    {
     "outputname": "outx",
     "coeff": [4.604249822328505e-08,6.107411829184421e-06,-8.265884216242827e-07,3.009344711637618e-05,0.0002580466384869307,-0.0001321998985293553,-4.318248243335162e-07,0.000605188039421951,-0.0008443833664484973,0.00242930513584755,-0.00651698034297974,0.0008042151907581386,0.0001577860697430933,-0.01446813405996841,-0.1142727831687887,-0.05746083588819843,0.007416128544828603,-0.1092076580582719,-0.1281221671585102,0.05119000283208807,0.004938259156531466,-0.001055757318205279,-1.901538116830464,-0.1489086426968032,-5.593150563911198,-1.006384780423823,0.5618813432194338,-0.009117988534544139,-3.402650092240243,-0.9248651732945741,1.043177326227944,-0.0892982675421029,-0.04378658560516512,0.005696766018648155,-8.092003998576841,-61.37444162451147,-4.545863001053728,1.883465358684344,-89.80315396380139,-4.072973780667117,10.82018155416401,-2.635672400038277,-0.1469670089212697,-35.74499688763328,-0.6346572287781378,8.312844531424631,-3.62356553679645,-0.3871274775151403,-0.1022746164614518,0.002194789553259929,-211.5880585803912,-44.08707284596318,-3.116862954984049e-12,-577.4992532804147,-73.44905902201153,38.1770723874637,-19.69841890997733,-9.051879107053338e-12,-479.9433572853609,-28.79963724905302,61.46762896242904,-49.45563870700077,-1.68631664123724,-2.573334766060896,2.8903817395084e-12,-128.6640843672956,-3.686358917387614,21.89481002828742,-27.94940048330233,-0.6931284951315473,-2.195780875513309,-0.007463592137280967,87.65058903251796],
     "termr": [7,6,6,5,5,5,5,4,4,4,4,4,4,3,3,3,3,3,3,3,3,3,2,2,2,2,2,2,2,2,2,2,2,2,1,1,1,1,1,1,1,1,1,1,1,1,1,1,1,1,0,0,0,0,0,0,0,0,0,0,0,0,0,0,0,0,0,0,0,0,0,0,0],
     "termdx": [1,1,1,3,1,1,1,3,3,1,1,1,1,5,3,3,3,1,1,1,1,1,5,5,3,3,3,3,1,1,1,1,1,1,7,5,5,5,3,3,3,3,3,1,1,1,1,1,1,1,7,7,6,5,5,5,5,4,3,3,3,3,3,3,2,1,1,1,1,1,1,1,1],
     "termdy": [0,1,0,0,2,1,0,1,0,3,2,1,0,0,2,1,0,4,3,2,1,0,1,0,3,2,1,0,5,4,3,2,1,0,0,2,1,0,4,3,2,1,0,6,5,4,3,2,1,0,1,0,2,3,2,1,0,4,5,4,3,2,1,0,6,7,6,5,4,3,2,1,0]
    },
    {
     "outputname": "outy",
     "coeff": [3.502449897889295e-09,6.249770151473345e-07,-4.870649489038753e-08,3.987056936125706e-06,4.109826736048619e-05,-1.166100426694249e-05,-6.440952802887962e-07,0.0003707331886189868,-8.26702651339904e-05,0.001230231803904535,-0.0008488650220841866,1.525021035658834e-05,1.891316599396008e-05,0.0004234960925221058,0.008292201585319146,-0.008526355754414489,0.0004127868355463948,0.01426299802860169,-0.02651049882257412,0.00487312492861953,0.001329777793111631,-0.0001126421917208672,-0.04658436802045005,-0.01906282320544525,-0.1587973566194203,-0.2719829120746882,0.0595490835820713,0.003714207707645713,-0.0975034165285705,-0.3852498662337646,0.176876724591448,0.01584646609476486,-0.009444741741982685,-0.0002754561645536287,-0.3886669143050386,-4.576239963634263,-0.7620178803274825,0.1721683771745992,-8.954321985829827,-2.908848388166849,1.997607259491018,-0.04690768946443157,-0.02922837750533104,-4.403537579407954,-2.265172729761722,2.452366538254969,-0.2669532667605652,-0.1633895479492601,0.03144642122730427,0.001531746756374087,-26.45166515681137,-0.4852706940667811,-108.2529738299647,-4.240132350142558,7.440661411382957,-0.4952094184984215,-122.0567841455238,-3.143615822132546,22.2936796276958,-5.489238454769612,-0.6188873428155064,-0.05713865355179074,-41.93223982185928,-1.542674004684219,13.53046488021489,-5.993576437420956,-0.7217005518808016,0.01736116824307506,-0.001519289345863402,1.196225810019111,-35.23273934446726,-370.9738496876602,-11.9856452985635,8.533772553393671,-2.807591472515673e-11,-744.9898994372177,6.08083475860877,64.8878754258503,-27.58473811644649,-0.6405836177460194,-520.4237195710574,18.29701943762031,72.27785821193504,-62.17065692064338,-1.95177539445973,-1.961810589466099,0.002310620432023203,-127.7021809496963,-0.05874953418253835,21.36818970162104,-31.22758728824861,0.06270782115286494,-1.813983982349987,-0.08656955101802931,87.64013131043065,0.00108764734330783],
     "termr": [8,7,7,6,6,6,6,5,5,5,5,5,5,4,4,4,4,4,4,4,4,4,3,3,3,3,3,3,3,3,3,3,3,3,2,2,2,2,2,2,2,2,2,2,2,2,2,2,2,2,1,1,1,1,1,1,1,1,1,1,1,1,1,1,1,1,1,1,1,1,0,0,0,0,0,0,0,0,0,0,0,0,0,0,0,0,0,0,0,0,0,0,0,0,0,0],
     "termdx": [0,0,0,2,0,0,0,2,2,0,0,0,0,4,2,2,2,0,0,0,0,0,4,4,2,2,2,2,0,0,0,0,0,0,6,4,4,4,2,2,2,2,2,0,0,0,0,0,0,0,6,6,4,4,4,4,2,2,2,2,2,2,0,0,0,0,0,0,0,0,8,6,6,6,5,4,4,4,4,4,2,2,2,2,2,2,2,0,0,0,0,0,0,0,0,0],
     "termdy": [0,1,0,0,2,1,0,1,0,3,2,1,0,0,2,1,0,4,3,2,1,0,1,0,3,2,1,0,5,4,3,2,1,0,0,2,1,0,4,3,2,1,0,6,5,4,3,2,1,0,1,0,3,2,1,0,5,4,3,2,1,0,7,6,5,4,3,2,1,0,0,2,1,0,3,4,3,2,1,0,6,5,4,3,2,1,0,8,7,6,5,4,3,2,1,0]
    },
    {
     "outputname": "outz",
     "coeff": [8.985807866557634e-12,5.055363760772654e-10,-7.230722425628874e-11,6.697230203231556e-11,4.999999999999999],
     "termr": [0,0,0,0,0],
     "termdx": [8,6,4,2,0],
     "termdy": [0,2,4,6,0]
    },
    {
     "outputname": "outdx",
     "coeff": [-5.304748004799974e-09,7.979550557875023e-10,-4.43093457259293e-08,-9.305391032218971e-07,1.039058474423464e-07,-1.945861436059467e-05,-1.147684692535896e-06,-7.227088674783319e-05,1.68065711461297e-06,-7.270355561638455e-07,-1.328045568100552e-07,-0.0001319602760024824,-0.001814272758719307,-8.626557003239495e-05,1.969659684410716e-05,-0.002663469275663315,0.000265174118047844,0.0001338905204565232,1.619797819344492e-05,2.787930495881201e-06,-0.01911411299306293,-0.0002958797382068666,-0.06937960718551348,0.003819695597743049,0.003207553503741456,6.104570522419669e-05,-0.0530963778458282,0.01173729591267204,0.004483549455508566,-0.0006404720176427365,-0.0001682602059551611,-2.510755105731697e-05,-0.06552419472426743,-0.6983182725187914,0.1046214065887449,0.01598382083550085,-1.214219898692966,0.3203040862597284,0.09625854732391426,-0.002333496409047532,-0.001309635445724486,-0.5838820555757125,0.2332565440777969,0.06212939911977477,-0.01155045964101242,-0.002373362312334111,0.0006749697277636065,5.483470524446046e-05,-3.871007582773372,1.684965354236894,-11.64335538392904,5.510990508062899,0.7201645986520353,0.2577962381317358,-11.33054047512954,6.059796183122541,1.314463040203215,0.442102875204032,-0.03718669524592232,0.04207054497208823,-3.699063473948799,2.212194678128028,0.5629561788115459,0.1904888211482063,-0.02549525576217441,0.04420359788507049,0.0003797225747908344,0.1020271724343772],
     "termr": [6,6,5,5,5,4,4,4,4,4,4,3,3,3,3,3,3,3,3,3,2,2,2,2,2,2,2,2,2,2,2,2,1,1,1,1,1,1,1,1,1,1,1,1,1,1,1,1,0,0,0,0,0,0,0,0,0,0,0,0,0,0,0,0,0,0,0,0],
     "termdx": [1,1,3,1,1,3,3,1,1,1,1,5,3,3,3,1,1,1,1,1,5,5,3,3,3,3,1,1,1,1,1,1,7,5,5,5,3,3,3,3,3,1,1,1,1,1,1,1,7,7,5,5,5,5,3,3,3,3,3,3,1,1,1,1,1,1,1,1],
     "termdy": [1,0,0,2,1,1,0,3,2,1,0,0,2,1,0,4,3,2,1,0,1,0,3,2,1,0,5,4,3,2,1,0,0,2,1,0,4,3,2,1,0,6,5,4,3,2,1,0,1,0,3,2,1,0,5,4,3,2,1,0,7,6,5,4,3,2,1,0]
    },
    {
     "outputname": "outdy",