{
 "description": "",
 "name": "petzval-zemax-5mminput",
 "thickness": 143.88312,
 "planeoffsetoutput": 5,
 "planeoffsetinput": 5,
 "useDZpolynomial": false,
 "polynomials": [
  {
   "wavelength_nm": 550,
   "passnopass": {
     "method": "circles",
     "radii":  [  5.7400 ,  42.6700 ,   9.6500],
     "sensitivities":[0.7154,   -1.6999,    0.3048],
     "intersectPlaneDistance": 17
   },
   "poly": [
    {
     "outputname": "outx",
     "coeff": [6.252699279355754e-07,6.768003697411943e-05,-9.49149869992451e-06,0.0002481697238321301,0.001953411970110764,-0.001227448006672367,1.799929717322943e-05,-0.009193863042879219,-0.006294307949441115,-0.01030279218288967,-0.04339424286578432,0.007927000828322135,0.001039273875432281,-0.2404380547657496,-1.542600584957653,-0.2397818226023015,0.04593964867036159,-1.350836306234247,-0.4616191050237017,0.2792760863742654,0.01421340467267764,-0.002992237336555924,-18.51389684053032,0.03262546161371693,-42.54704572972414,0.3144502010635781,1.013674629423617,-0.04788490483419402,-22.34359068508767,0.6480840633874511,2.172195405566194,-0.4057453003876403,-0.353501441622032,0.009635019535360775,-81.25805504255143,-312.9059013879812,14.35049713580677,-11.44338740944236,-348.6294031253254,39.93878505193542,-12.25584035138433,-3.037058019663816,-3.151681415294464,-118.003054632149,22.26697249100534,-4.537102774775085,-4.261211268535978,-3.367761407944195,0.1644202664647329,87.66020581544413],
     "termr": [6,5,5,4,4,4,4,3,3,3,3,3,3,2,2,2,2,2,2,2,2,2,1,1,1,1,1,1,1,1,1,1,1,1,0,0,0,0,0,0,0,0,0,0,0,0,0,0,0,0],
     "termdx": [1,1,1,3,1,1,1,3,3,1,1,1,1,5,3,3,3,1,1,1,1,1,5,5,3,3,3,3,1,1,1,1,1,1,7,5,5,5,3,3,3,3,3,1,1,1,1,1,1,1],
     "termdy": [0,1,0,0,2,1,0,1,0,3,2,1,0,0,2,1,0,4,3,2,1,0,1,0,3,2,1,0,5,4,3,2,1,0,0,2,1,0,4,3,2,1,0,6,5,4,3,2,1,0]
    },
    {
     "outputname": "outy",
     "coeff": [4.690447225060123e-08,7.24802393794367e-06,-5.578155444401996e-07,4.17332929217114e-05,0.000388377211670018,-0.0001163309983683261,-6.441140392299402e-06,0.002775989670674622,-0.0007293901929026921,0.008307482852807562,-0.006786840596217534,0.0002646558183378084,0.0001643642584087871,-0.0004325159917171588,0.01132777623818261,-0.05522202916149412,0.003908188849282748,0.02648298789732873,-0.1525731842451265,0.0376425086357014,0.007778231441741234,-0.001188285748854364,-0.7366667384773973,-0.08249052628546297,-2.545618017459057,-1.047545529328873,0.3285539176474307,0.0135278543895687,-1.718853935290653,-1.270633086740266,0.8326942780943745,0.02994466709577098,-0.03703540592025409,0.0007165161336102958,-3.377852255512138,-34.17968989019389,-0.6189528676556729,0.5655092051164015,-59.04919333092587,-1.005076080818316,5.082713885375062,-0.3230786444123288,-0.2167881592052969,-26.36639353851875,-0.2705093767684799,5.165699233263364,-1.118340791199523,-0.7480357419879496,0.07275828785299461,1.20342344413528,-124.1156792268716,2.799884213457142,-402.7645036310912,30.37535046766483,-1.379322033117625,-0.838476342089631,-387.527698661794,60.99299165671979,-0.5742025622713964,-7.446159699104491,-3.717796599312365,0.09843104378218573,-117.2777092850356,26.98610308236766,-3.14998715882223,-6.833155656172696,-3.338747621568169,0.4063894593462258,87.64908147972884,-0.00365533443273133],
     "termr": [7,6,6,5,5,5,5,4,4,4,4,4,4,3,3,3,3,3,3,3,3,3,2,2,2,2,2,2,2,2,2,2,2,2,1,1,1,1,1,1,1,1,1,1,1,1,1,1,1,1,0,0,0,0,0,0,0,0,0,0,0,0,0,0,0,0,0,0,0,0],
     "termdx": [0,0,0,2,0,0,0,2,2,0,0,0,0,4,2,2,2,0,0,0,0,0,4,4,2,2,2,2,0,0,0,0,0,0,6,4,4,4,2,2,2,2,2,0,0,0,0,0,0,0,6,6,4,4,4,4,2,2,2,2,2,2,0,0,0,0,0,0,0,0],
     "termdy": [0,1,0,0,2,1,0,1,0,3,2,1,0,0,2,1,0,4,3,2,1,0,1,0,3,2,1,0,5,4,3,2,1,0,0,2,1,0,4,3,2,1,0,6,5,4,3,2,1,0,1,0,3,2,1,0,5,4,3,2,1,0,7,6,5,4,3,2,1,0]
    },
    {
     "outputname": "outz",
     "coeff": [4.999999999999985],
     "termr": [0],
     "termdx": [0],
     "termdy": [0]
    },
    {
     "outputname": "outdx",
     "coeff": [2.21810815531414e-09,1.980879548585902e-07,-3.913217474700271e-08,3.407214097842419e-07,1.29595284815556e-06,-5.036786858986582e-06,8.074773175680252e-08,-0.0001533260564361655,-3.195011528122345e-05,-0.0003275771762538565,-0.0001781196424378921,3.548748823885489e-05,4.724324085147877e-06,-0.0007892891750827642,-0.009280868775573856,-0.0009690490016388653,0.0003074076168022898,-0.009900334803542025,-0.001264865846730697,0.001640483134807355,5.012866827304409e-05,-4.085148147216289e-05,-0.01425175302067412,-0.002313121512763661,-0.08669891003489934,0.005564409563880924,0.02237430021376655,-3.963526038882622e-05,-0.05767670830681605,0.01581604135160109,0.02899104557493368,-0.002734493450596984,-0.0006552686511348593,4.697913022397358e-05,1.629727118906328,4.399373607738542,0.158530196391079,0.2845970280350053,4.166088031044345,0.4537185133380709,0.6422124816236036,-0.02870766760965922,0.03925547257915644,1.394009027558808,0.2602101753862914,0.3243938982417181,-0.03977680339772743,0.03796504020018623,0.001290595069010973,0.1020913026306405],
     "termr": [6,5,5,4,4,4,4,3,3,3,3,3,3,2,2,2,2,2,2,2,2,2,1,1,1,1,1,1,1,1,1,1,1,1,0,0,0,0,0,0,0,0,0,0,0,0,0,0,0,0],
     "termdx": [1,1,1,3,1,1,1,3,3,1,1,1,1,5,3,3,3,1,1,1,1,1,5,5,3,3,3,3,1,1,1,1,1,1,7,5,5,5,3,3,3,3,3,1,1,1,1,1,1,1],
     "termdy": [0,1,0,0,2,1,0,1,0,3,2,1,0,0,2,1,0,4,3,2,1,0,1,0,3,2,1,0,5,4,3,2,1,0,0,2,1,0,4,3,2,1,0,6,5,4,3,2,1,0]
    },
    {
     "outputname": "outdy",
     "coeff": [1.463041011563001e-08,5.677706459977847e-09,9.710676853427327e-08,7.502844080059609e-07,-1.278322180319951e-07,-1.65208019544864e-07,1.734349512392915e-06,-2.242633538436293e-06,2.286970491413043e-06,-1.701834021993846e-05,-2.373083084717274e-06,1.980056598478129e-06,-3.818675430807718e-05,-0.0004640215776033587,-0.0001756418364190709,1.28059602176756e-05,-0.0006458840676648552,-0.000387577831485207,0.0001022356270991514,4.917695668839145e-05,-1.022813913557771e-05,-0.004620323121728227,-0.0002520796478265898,-0.01942341011468405,-0.002109664910634716,0.001559444530109749,5.383213695877311e-05,-0.0154450656302026,-0.001495884802954569,0.003340612734360614,0.0001415453018999781,-0.000270891047602779,1.898799849507499e-05,-0.002719337109262654,-0.06610004338516307,0.002151824840912832,0.006125736142270892,-0.1484096862392129,0.02824198695082823,0.04470204018599743,-0.002292865261421174,-0.0004086854269441769,-0.07405086613540512,0.03112566130963668,0.03941226371828606,-0.00637739760800928,-0.001651488909325075,0.0003900663690339702,-0.01000951268113164,1.389246381376768,0.03396192876544232,3.995980210238963,0.3491149425937757,0.335203640208207,-0.00818698652179051,4.049424671463738,0.6732677434549408,0.6716025227740802,-0.06089172514537454,0.03696845876685965,0.0006982246392293301,1.412461816461764,0.3246952390891333,0.3122123694773244,-0.05477751838587438,0.03941944480852869,0.002543552694332305,0.1020182380498203,-1.769464439647456e-05],
     "termr": [6,6,5,5,5,5,4,4,4,4,4,4,3,3,3,3,3,3,3,3,3,2,2,2,2,2,2,2,2,2,2,2,2,1,1,1,1,1,1,1,1,1,1,1,1,1,1,1,1,0,0,0,0,0,0,0,0,0,0,0,0,0,0,0,0,0,0,0,0],
     "termdx": [0,0,2,0,0,0,2,2,0,0,0,0,4,2,2,2,0,0,0,0,0,4,4,2,2,2,2,0,0,0,0,0,0,6,4,4,4,2,2,2,2,2,0,0,0,0,0,0,0,6,6,4,4,4,4,2,2,2,2,2,2,0,0,0,0,0,0,0,0],
     "termdy": [1,0,0,2,1,0,1,0,3,2,1,0,0,2,1,0,4,3,2,1,0,1,0,3,2,1,0,5,4,3,2,1,0,0,2,1,0,4,3,2,1,0,6,5,4,3,2,1,0,1,0,3,2,1,0,5,4,3,2,1,0,7,6,5,4,3,2,1,0]
    },
    {
     "outputname": "outdz",