{
 "description": "equivalent lens poly",
 "name": "polynomial",
 "thickness": 1.9224,
 "planeoffset": 0.1,
 "polynomials": [
  {
   "wavelength_nm": 550,
   "circleRadii": [1.27,1.35,10],
   "circleSensitivities": [-1.6628,0.8298,-15.6821],
   "circlePlaneZ": 3,
   "diaphragmIndex": 0,
   "diaphragmToCircleRadius": 4.233333333333333,
   "pupil_distances": [1.126633618747183,17.62632197414806,0.1798334742028881],
   "pupilpos": [1.126633618747183,17.62632197414806,0.1798334742028881],
   "pupilradii": [0.476941565269641,7.931844888366627,0.5994449140096272],
   "poly": [
    {
     "outputname": "outx",
     "coeff": [0.08209771143896305,-0.2512238312018726,-0.05429410830050041,-0.03684009050683223,0.4483619915790045,0.07103149180222344,-1.412790868648594,-1.519587094558596,-0.0755295861144917,-0.7497313536492995,1.938313731548795,4.2059601656226,-0.001166819668041857,0.8554113222913104,2.261170226534972,0.02362592931908311,0.822545526200454,1.978643931553301],
     "termr": [4,3,3,2,2,2,1,1,1,1,0,0,0,0,0,0,0,0],
     "termu": [1,1,1,3,1,1,3,1,1,1,5,3,3,3,1,1,1,1],
     "termv": [0,1,0,0,2,0,1,3,2,1,0,2,1,0,4,3,2,0]
    },
    {
     "outputname": "outy",
     "coeff": [0.05765121077499285,0.6469792208328641,0.007153203053722467,-0.4871694462089289,-0.3316403028898747,0.03175882319831398,0.2495210495188552,0.007915039500753935,0.6088671151069595,-0.08151650688045907,0.2197953362342494,-0.08939247534215879,-2.113639280061357,-0.4484740881110235,-2.134042826397861,-0.05861534903019925,-1.113263830315082,0.5055092395550561,2.024299116171737,4.381438858124919,0.1072808846885064,0.8344279258626073,2.341591840056879,0.1298321760018095,0.8037296374968687,-0.01394207878580312,1.979557092910247],
     "termr": [5,4,3,3,3,3,2,2,2,2,2,1,1,1,1,1,1,1,0,0,0,0,0,0,0,0,0],
     "termu": [0,0,2,0,0,0,2,2,0,0,0,4,2,2,0,0,0,0,4,2,2,2,0,0,0,0,0],
     "termv": [0,1,0,2,1,0,1,0,3,2,1,0,2,0,4,3,2,0,1,3,2,1,5,4,3,2,1]
    },
    {
     "outputname": "outu",
     "coeff": [0.02714897215518943,-0.05749402960672479,-0.003417885358628483,0.1603697970847058,0.1315147659562453,0.002364340705395848,-0.04334345713286769,0.2318007277109045,0.2395308310811064,0.03545932747969353,0.1358127428061849,0.5035628939772043,1.021547021914173,0.002787755958519912,0.171080593464311,0.5198322216589053,0.00227094823606127,0.167473648818547,0.6844024788998228],
     "termr": [4,3,3,2,2,2,2,1,1,1,1,0,0,0,0,0,0,0,0],
     "termu": [1,1,1,3,1,1,1,3,1,1,1,5,3,3,3,1,1,1,1],
     "termv": [0,1,0,0,2,1,0,1,3,2,1,0,2,1,0,4,3,2,0]
    },
    {
     "outputname": "outv",
     "coeff": [0.05589332667770722,0.2162367117540369,-0.02999868990845338,-0.07975886100876577,-0.1597318293577765,0.0197368078746478,0.06611039161451697,0.01458723046872044,-0.01067581972063581,-0.02106449581519737,-0.0447003869547732,0.2593468981175432,0.7091058204460441,0.04533546057061383,0.04193436079080139,0.4633370319227261,0.09113914305887202,0.1890687832730983,-0.01056155823898391,-0.3310971862963381,0.4689549777782137,0.9602534674001043,0.002168448595130636,0.173640982264278,0.4931787905327837,0.0007571164369043331,0.1685203304364245,0.6847326562920331],
     "termr": [5,4,4,3,3,3,2,2,2,2,2,1,1,1,1,1,1,1,1,1,0,0,0,0,0,0,0,0],
     "termu": [0,0,0,0,0,0,2,2,0,0,0,4,2,2,2,0,0,0,0,0,4,2,2,2,0,0,0,0],
     "termv": [0,1,0,2,1,0,1,0,3,2,1,0,2,1,0,4,3,2,1,0,1,3,2,1,5,4,3,1]
    }
   ]
  }
 ]
}