{
 "description": "equivalent lens poly",
 "name": "polynomial",
    "thickness": 0.1,
    "pupilpos":[1.579070315399819,   6.839954049473841,   0.612290319997328],
    "pupilradii":[0.487290690913661,   2.690776573357138,   0.594144816152666],
 "poly": [
  {
   "outputname": "outx",
   "termr": [5,4,4,4,3,3,3,3,3,3,2,2,2,2,2,2,2,2,2,2,1,1,1,1,1,1,1,1,1,1,1,1,1,1,1,0,0,0,0,0,0,0,0,0,0,0,0,0,0,0,0,0,0,0,0,0],
   "termu": [0,1,0,0,2,1,1,0,0,0,3,2,2,1,1,1,0,0,0,0,4,3,3,2,2,2,1,1,1,1,0,0,0,0,0,5,4,4,3,3,3,2,2,2,2,1,1,1,1,1,0,0,0,0,0,0],
   "termv": [0,0,1,0,0,1,0,2,1,0,0,1,0,2,1,0,3,2,1,0,0,1,0,2,1,0,3,2,1,0,4,3,2,1,0,0,1,0,2,1,0,3,2,1,0,4,3,2,1,0,5,4,3,2,1,0],
   "coeff": [2.514222878561442e-05,0.0958286958276733,-0.0003056792678746766,-1.933923605760749e-05,0.0002156941384335071,0.0695546410313979,-0.02057398934034142,0.0001826329437078368,0.0003567239107240675,-7.192970781518824e-06,-0.02684952912096496,-0.0001116793388183909,-0.0001815441611718333,0.2017657693211026,-0.09628737340431338,0.0675973396879245,6.376283875185109e-06,-0.0001261640331554928,-0.0001214604268124414,8.656844293834041e-06,0.000224182073560661,-1.064855470508824,-0.01738369871158149,3.895817102441455e-06,9.170304183967842e-05,2.77562527024178e-05,-1.097188213050864,-0.09712186756022737,-0.6489237712366084,0.003425043886335352,2.494025197321739e-05,1.96757748837543e-05,2.238222697455456e-05,1.048344227581532e-05,-1.775033810078399e-06,1.546539595464562,-0.0002319544633236966,-3.416142950783479e-05,3.224607746450967,0.04925414337320845,0.6171738261977068,0.0001527675622891788,2.156118951972971e-05,2.019711034139217e-06,6.892749764037881e-08,1.669290688389264,0.05751640439276986,0.6101460985027549,-0.005110686062126813,2.400431172850047,-1.534521757597152e-05,-1.303503954039664e-05,-4.22162845560778e-06,1.297497760242206e-07,6.237554548696958e-08,4.746289212550047e-08]
  },
  {
   "outputname": "outy",
   "termr": [5,4,4,4,3,3,3,3,3,3,2,2,2,2,2,2,2,2,2,2,1,1,1,1,1,1,1,1,1,1,1,1,1,1,1,0,0,0,0,0,0,0,0,0,0,0,0,0,0,0,0,0,0,0,0,0],
   "termu": [0,1,0,0,2,1,1,0,0,0,3,2,2,1,1,1,0,0,0,0,4,3,3,2,2,2,1,1,1,1,0,0,0,0,0,5,4,4,3,3,3,2,2,2,2,1,1,1,1,1,0,0,0,0,0,0],
   "termv": [0,0,1,0,0,1,0,2,1,0,0,1,0,2,1,0,3,2,1,0,0,1,0,2,1,0,3,2,1,0,4,3,2,1,0,0,1,0,2,1,0,3,2,1,0,4,3,2,1,0,5,4,3,2,1,0],
   "coeff": [0.02130401252355806,-3.192426920227022e-05,0.7370552054408492,0.09126204629066624,0.3009323129765984,0.0008878024607962618,0.0001128781418671277,0.6795174326631396,-0.1835121073213931,-0.034889599767669,0.0002594244348729528,0.3092882714598075,-0.1193684478122279,0.000784950295780255,-0.0005166667950741308,-7.851169223495102e-05,0.6102718012096782,-0.4170873856062458,0.1781590178259511,0.0198911790465256,0.1000277877523579,0.0003091546064259045,-8.905205481218638e-05,-1.129944106980364,-0.1109646593042766,-0.3927329365499812,0.0003687895457037892,-0.0002376477134971846,4.989479807099713e-05,1.535084219546713e-05,-1.263185305933848,-0.2274673390946481,-0.9969386596281137,0.01756213348686558,0.3707067872353193,0.000158675272718749,1.476856875679233,-0.0008355260634529066,0.0004793843695582522,-4.131961985409844e-06,-1.891248893929459e-05,3.096734543352695,0.07467163628335295,0.6303069867354089,-0.001013537626536269,-7.577582362872094e-05,-6.501521854214838e-05,-5.668546851798663e-06,8.52759917727272e-07,-3.062549294974348e-08,1.621549065574204,0.08596663179667595,0.6231902455632337,-0.00947643123398712,2.399613252760534,9.524937462570932e-05]
  },
  {
   "outputname": "outu",
   "termr": [5,4,4,4,3,3,3,3,3,3,2,2,2,2,2,2,2,2,2,2,1,1,1,1,1,1,1,1,1,1,1,1,1,1,1,0,0,0,0,0,0,0,0,0,0,0,0,0,0,0,0,0,0,0,0,0],
   "termu": [0,1,0,0,2,1,1,0,0,0,3,2,2,1,1,1,0,0,0,0,4,3,3,2,2,2,1,1,1,1,0,0,0,0,0,5,4,4,3,3,3,2,2,2,2,1,1,1,1,1,0,0,0,0,0,0],
   "termv": [0,0,1,0,0,1,0,2,1,0,0,1,0,2,1,0,3,2,1,0,0,1,0,2,1,0,3,2,1,0,4,3,2,1,0,0,1,0,2,1,0,3,2,1,0,4,3,2,1,0,5,4,3,2,1,0],
   "coeff": [4.559005287498815e-05,0.06183089212187986,-2.148930121967251e-05,-5.087432419996498e-05,0.0001983188036565631,0.0866518421109983,-0.02520801922810619,4.620482169251835e-05,3.547437025824138e-05,1.386065858246368e-05,0.1503077827122413,-3.858653781899783e-05,-0.0001560637931455544,0.1507278190353275,-0.06696914542813454,-0.03272769558196648,1.355087839913771e-06,-3.101862237663498e-05,-1.430159579874295e-05,1.275976455636267e-06,0.0001629969775056332,0.3327985629590687,-0.001158927069935819,-7.23429788070915e-05,5.050666529716353e-06,1.87004731669012e-05,0.3086906767730299,-0.002693946546797884,0.09868254227027928,2.165547182491257e-05,-2.67452279190599e-05,-3.718382757638058e-06,7.742929700332126e-06,1.624858540481451e-06,-6.085799158843497e-07,0.7658607494598552,-0.0001449021524491151,-3.633029413762792e-05,1.493139934322843,0.0228229946515356,0.1580963054794666,-0.0001285820636797289,-1.072583445613967e-05,1.400578699052237e-05,1.948039816975404e-06,0.7299607784130674,0.02331524560131868,0.1624917187204344,-0.002399829947354449,0.5519079904274341,-1.788902100466893e-05,6.72774326614304e-07,3.023678613458506e-06,-1.244518116844891e-07,-1.517773180560759e-07,7.800273802508835e-09]
  },
  {
   "outputname": "outv",
   "termr": [5,4,4,4,3,3,3,3,3,3,2,2,2,2,2,2,2,2,2,2,1,1,1,1,1,1,1,1,1,1,1,1,1,1,1,0,0,0,0,0,0,0,0,0,0,0,0,0,0,0,0,0,0,0,0,0],
   "termu": [0,1,0,0,2,1,1,0,0,0,3,2,2,1,1,1,0,0,0,0,4,3,3,2,2,2,1,1,1,1,0,0,0,0,0,5,4,4,3,3,3,2,2,2,2,1,1,1,1,1,0,0,0,0,0,0],
   "termv": [0,0,1,0,0,1,0,2,1,0,0,1,0,2,1,0,3,2,1,0,0,1,0,2,1,0,3,2,1,0,4,3,2,1,0,0,1,0,2,1,0,3,2,1,0,4,3,2,1,0,5,4,3,2,1,0],
   "coeff": [0.01936360336092121,5.848343894451198e-05,0.2613308186444531,0.02830580251416758,0.07567084603364224,0.0002320144852018953,-3.247086618808491e-05,0.3128095018467986,-0.1011568740523428,-0.01355504792374957,7.133080827882153e-05,0.1361375808917282,-0.0273121257277306,0.0002732364041848425,-0.0001236966432913795,-5.659581772926595e-06,0.1565614535705615,-0.1923745697261815,-0.07806359657918467,0.008354117732776693,0.2332773761743239,5.322734450382947e-06,-3.141945493114912e-05,0.7167565942277511,-0.003469650376707809,0.02876483130142514,-3.961356364527999e-05,-0.0001291814409807977,1.242974676568654e-05,4.167361397665148e-06,0.4699726651293991,-0.01637454056340294,0.146397056891955,0.001476156383819448,-0.3320201618374275,6.76302858425261e-05,0.6932370639243303,0.002872224667416165,-4.451947092267338e-05,-5.627453457951346e-06,-5.493483222619664e-06,1.365570225376588,0.02993510263455433,0.169519706313076,-0.0006548086299098024,-0.0001390463624485212,-1.251457324307076e-05,1.74517384165176e-05,7.088148115916466e-07,-1.667110498352987e-07,0.6766646864847582,0.02768087265587078,0.1722715556946067,-0.003500998620312346,0.551476742593299,4.180906357228939e-05]
  }
 ]
}
