{
    "description": "equivalent lens poly",
    "name": "polynomial",
    "thickness": 1.9424,
    "pupilpos": [1.113165576164325, 20.832291541741739, 0.179748561279801],
    "pupilradii": [0.467529541989017, 9.374531193783790, 0.599161870932660],
    "poly": [
	{
	    "outputname": "outx",
	    "termr": [5,4,4,4,3,3,3,3,3,3,2,2,2,2,2,2,2,2,2,2,1,1,1,1,1,1,1,1,1,1,1,1,1,1,1,0,0,0,0,0,0,0,0,0,0,0,0,0,0,0,0,0,0,0,0,0],
	    "termu": [0,1,0,0,2,1,1,0,0,0,3,2,2,1,1,1,0,0,0,0,4,3,3,2,2,2,1,1,1,1,0,0,0,0,0,5,4,4,3,3,3,2,2,2,2,1,1,1,1,1,0,0,0,0,0,0],
	    "termv": [0,0,1,0,0,1,0,2,1,0,0,1,0,2,1,0,3,2,1,0,0,1,0,2,1,0,3,2,1,0,4,3,2,1,0,0,1,0,2,1,0,3,2,1,0,4,3,2,1,0,5,4,3,2,1,0],
	    "coeff": [-8.457624070979805e-14,0.06106905241332185,-5.131958377592737e-14,1.266813477421682e-13,7.377513875215988e-14,-0.264904860385358,-0.03163925994367961,-7.067123222197606e-15,5.403840411688938e-14,-7.019735982388708e-14,-0.05679609489553712,8.905864927656212e-14,-5.322612776070956e-14,0.3315363169504286,-0.01182025419531737,0.06552768653546646,3.490618970878719e-15,4.902301434337271e-15,-1.921780277942459e-14,1.749863840249567e-14,7.264454577073184e-14,-1.556890861457021,0.004857623475950337,-2.079622539999086e-13,-6.060463620493368e-14,4.321663322604424e-15,-1.693648527394449,-0.0298766667724064,-0.7227711192107059,0.0002006552808779478,7.731813848597279e-14,1.149977129547491e-14,-2.935592444028207e-15,2.582124581839551e-15,-1.785584128949961e-15,1.925731899258458,3.097487341925494e-14,-2.086206080060254e-14,4.157136018478369,0.05667213304226463,0.8582333996293824,2.394724024458674e-14,8.807153841880245e-14,1.736538437505325e-15,5.482683558035478e-16,2.245256389770318,0.08407929964851012,0.824300556586874,-0.00762296048937033,1.9785223154456,7.310819501764912e-15,-2.013246014885584e-14,-3.569800750502416e-15,2.27907407303221e-16,-8.096002804671093e-18,4.420860479825003e-17]
	},
	{
	    "outputname": "outy",
	    "termr": [5,4,4,4,3,3,3,3,3,3,2,2,2,2,2,2,2,2,2,2,1,1,1,1,1,1,1,1,1,1,1,1,1,1,1,0,0,0,0,0,0,0,0,0,0,0,0,0,0,0,0,0,0,0,0,0],
	    "termu": [0,1,0,0,2,1,1,0,0,0,3,2,2,1,1,1,0,0,0,0,4,3,3,2,2,2,1,1,1,1,0,0,0,0,0,5,4,4,3,3,3,2,2,2,2,1,1,1,1,1,0,0,0,0,0,0],
	    "termv": [0,0,1,0,0,1,0,2,1,0,0,1,0,2,1,0,3,2,1,0,0,1,0,2,1,0,3,2,1,0,4,3,2,1,0,0,1,0,2,1,0,3,2,1,0,4,3,2,1,0,5,4,3,2,1,0],
	    "coeff": [0.07101255025132137,-5.955735583366364e-14,0.6721743055456564,-0.01024688548439522,0.055654744029991,-2.475720919816522e-13,5.540474465636016e-14,-0.4352262813752292,-0.3555891934420926,0.02626576988442503,-9.696877445583409e-15,0.2357182023220102,-0.04061784046633051,-9.013417650372069e-14,2.347553732090979e-13,-1.241795781613222e-14,0.5939231502223504,-0.1434632090455105,0.2263169753198928,0.006866727406844625,-0.07798242201052291,-2.830229075882299e-13,-2.666116403527593e-15,-2.125065650653372,0.004964446216316996,-0.4355043274734823,6.678530691424933e-14,6.1653302574743e-14,-5.40279340585843e-14,-6.053430642983441e-17,-2.197599862530453,-0.05467138711410386,-1.086418354207994,-0.0003372004251625714,0.5035910065811731,2.22275433039929e-14,2.003425831546557,-0.002907404273191482,-1.297928663961446e-13,8.837813996313823e-14,-7.260491873970938e-16,4.353550905157707,0.1129555227053638,0.8372068605489944,-0.0008628542944840763,-1.872841039604219e-14,-3.832893417459034e-14,-2.514137344673737e-15,2.135649564478479e-15,1.083517216392499e-16,2.349461126076123,0.145815757113268,0.8023614265335487,-0.0174037872815954,1.97955965862074,0.0001503798401990795]
	},
	{
	    "outputname": "outu",
	    "termr": [5,4,4,4,3,3,3,3,3,3,2,2,2,2,2,2,2,2,2,2,1,1,1,1,1,1,1,1,1,1,1,1,1,1,1,0,0,0,0,0,0,0,0,0,0,0,0,0,0,0,0,0,0,0,0,0],
	    "termu": [0,1,0,0,2,1,1,0,0,0,3,2,2,1,1,1,0,0,0,0,4,3,3,2,2,2,1,1,1,1,0,0,0,0,0,5,4,4,3,3,3,2,2,2,2,1,1,1,1,1,0,0,0,0,0,0],
	    "termv": [0,0,1,0,0,1,0,2,1,0,0,1,0,2,1,0,3,2,1,0,0,1,0,2,1,0,3,2,1,0,4,3,2,1,0,0,1,0,2,1,0,3,2,1,0,4,3,2,1,0,5,4,3,2,1,0],
	    "coeff": [-2.463066365545124e-14,0.0471549604361382,-1.02399889057861e-14,3.790002170887171e-14,2.357322665561088e-14,-0.04510603863263221,-0.02850718634958037,3.854105131726833e-15,9.65659323021521e-15,-2.18695903121055e-14,0.1471145589683013,3.62423601175656e-14,-1.523970992755382e-14,0.1033548868671111,-0.01388427302132545,-0.03190623293794176,7.199865770831107e-15,-4.721471530966229e-15,-3.862678076304237e-15,5.723603374774613e-15,6.447681683145505e-15,0.2010169235725102,0.006733906392595094,3.112440937794022e-15,-1.831514755274939e-14,9.547088027075342e-16,0.2010495219719985,0.04715093885006078,0.1449214285428907,-0.002075973842930328,2.45156229025814e-14,9.94260882462063e-16,1.346805143195244e-16,7.31217617899702e-16,-6.074157967365029e-16,0.5003486745824397,1.165490911228515e-15,-1.335769835656015e-15,1.012442187800626,0.01475785391582304,0.1711008697763136,-1.220426560765284e-15,2.37113480409323e-15,1.113890838674909e-15,1.946272018275614e-16,0.5164823999326176,0.0155527454450835,0.1676146105283592,-0.001785026112186251,0.6844784878969083,1.677208951069277e-15,-5.148852844365452e-15,-7.133932109627286e-16,1.103136070951705e-16,-2.280415416399983e-17,1.493562586909604e-17]
	},
	{
	    "outputname": "outv",
	    "termr": [5,4,4,4,3,3,3,3,3,3,2,2,2,2,2,2,2,2,2,2,1,1,1,1,1,1,1,1,1,1,1,1,1,1,1,0,0,0,0,0,0,0,0,0,0,0,0,0,0,0,0,0,0,0,0,0],
	    "termu": [0,1,0,0,2,1,1,0,0,0,3,2,2,1,1,1,0,0,0,0,4,3,3,2,2,2,1,1,1,1,0,0,0,0,0,5,4,4,3,3,3,2,2,2,2,1,1,1,1,1,0,0,0,0,0,0],
	    "termv": [0,0,1,0,0,1,0,2,1,0,0,1,0,2,1,0,3,2,1,0,0,1,0,2,1,0,3,2,1,0,4,3,2,1,0,0,1,0,2,1,0,3,2,1,0,4,3,2,1,0,5,4,3,2,1,0],
	    "coeff": [0.05086594263743687,-2.81841816408444e-14,0.2217578155499173,-0.02242974677724212,0.005296985311285248,-8.080872337290531e-14,2.62396953102068e-14,-0.06663126471335876,-0.1662743776087788,0.01516462458150804,-4.50396423047799e-15,0.05210969998235353,0.01000575890690093,-1.6580623957705e-14,8.72021189975704e-14,-6.102303745615088e-15,-0.04624432008520582,-0.04266904161270516,-0.04094878948612077,0.001492958545682532,0.2600930533713329,-1.363680257099417e-13,-1.310797213360888e-15,0.6569779408187479,0.04957570934520187,0.04322186420117336,7.48599809888893e-15,1.300937302709983e-14,-2.257568888510222e-14,1.410045703457023e-16,0.4028743226203761,0.1019476066739138,0.203355671243023,-0.01121713027563189,-0.3313946092365922,1.6240477389012e-14,0.4690482389380141,-0.0005392215649825639,-3.85593314161538e-14,3.990882773505988e-14,-1.517531414476802e-15,0.9558885690619837,0.01961255109672204,0.1739203043089353,-0.0001185592558491996,-3.614020725782026e-15,-8.517685408838942e-15,-1.196284580848975e-15,1.204055786037432e-15,7.137629187073935e-17,0.4912971490340294,0.02032924021504633,0.1690042680955134,-0.002825897728633299,0.6847065900328685,2.98532678254054e-05]
	}
    ]
}
