{
 "description": "equivalent lens poly",
 "name": "polynomial",
    "thickness": 1.9424,
    "pupilpos": [1.113165576164325, 20.832291541741739, 0.179748561279801],
    "pupilradii": [0.467529541989017, 9.374531193783790, 0.599161870932660],
 "poly": [
  {
   "outputname": "outx",
   "termr": [4,3,3,3,2,2,2,2,2,2,1,1,1,1,1,1,1,1,1,1,0,0,0,0,0,0,0,0,0,0,0,0,0,0,0],
   "termu": [0,1,0,0,2,1,1,0,0,0,3,2,2,1,1,1,0,0,0,0,4,3,3,2,2,2,1,1,1,1,0,0,0,0,0],
   "termv": [0,0,1,0,0,1,0,2,1,0,0,1,0,2,1,0,3,2,1,0,0,1,0,2,1,0,3,2,1,0,4,3,2,1,0],
   "coeff": [3.560390259267548e-15,0.04753362343229468,-5.459454769162746e-15,-5.419904961411925e-15,6.416302051081275e-16,-0.1964391422311734,0.04575430678279277,-7.392759475466851e-15,2.791296935226097e-15,2.905132265353817e-15,-0.03962056035981658,1.606694164830817e-14,-9.818098704043321e-17,0.307596483669596,-0.8841965067953829,-0.005072325444006813,-6.786195593067744e-15,2.034025790804179e-15,5.780224164135242e-17,-5.796809556078639e-16,-2.099780151489447e-15,-0.6722428066204438,1.181998692952638,1.528075201801677e-14,-3.1095809989158e-15,8.895987553842617e-17,-0.7019149202319034,1.12679117361689,0.07160450091140068,1.969224874091205,-1.892082236683608e-15,1.121417899504906e-15,-1.009684415010826e-16,-9.585188098736538e-17,2.704486197153389e-17]
  },
  {
   "outputname": "outy",
   "termr": [4,3,3,3,2,2,2,2,2,2,1,1,1,1,1,1,1,1,1,1,0,0,0,0,0,0,0,0,0,0,0,0,0,0,0],
   "termu": [0,1,0,0,2,1,1,0,0,0,3,2,2,1,1,1,0,0,0,0,4,3,3,2,2,2,1,1,1,1,0,0,0,0,0],
   "termv": [0,0,1,0,0,1,0,2,1,0,0,1,0,2,1,0,3,2,1,0,0,1,0,2,1,0,3,2,1,0,4,3,2,1,0],
   "coeff": [0.07025677464470868,-2.715777012825543e-15,0.4416531160914274,-0.01372982758198102,0.03820778137621757,-3.123521855060645e-14,1.254262253086236e-15,-0.4497942725633289,0.01187403404087436,0.01952849008665314,-5.818357965572595e-16,0.2777226976856507,-0.4946692913956443,-1.379495830587069e-14,7.021568970397892e-15,1.089767903103608e-16,0.6579408783255617,-1.28986702581966,-0.03160605044493336,0.5037482824884471,-0.04878688893605192,1.873117896880885e-14,1.345242075813266e-15,-0.8333800064230829,1.136702660768633,0.01473211715985156,4.027636129219275e-15,-1.954447722573628e-15,9.266765625605521e-16,-4.293779892632051e-17,-0.7952245443749819,1.076663065728074,0.08752833623745948,1.975419152548395,-0.0006238839360382484]
  },
  {
   "outputname": "outu",
   "termr": [4,3,3,3,2,2,2,2,2,2,1,1,1,1,1,1,1,1,1,1,0,0,0,0,0,0,0,0,0,0,0,0,0,0,0],
   "termu": [0,1,0,0,2,1,1,0,0,0,3,2,2,1,1,1,0,0,0,0,4,3,3,2,2,2,1,1,1,1,0,0,0,0,0],
   "termv": [0,0,1,0,0,1,0,2,1,0,0,1,0,2,1,0,3,2,1,0,0,1,0,2,1,0,3,2,1,0,4,3,2,1,0],
   "coeff": [1.540355966499643e-13,-4.493393893585851,2.746453329046397e-14,-1.823584452899581e-13,6.40288366493511e-15,1.968166841774202,5.207658821100469,1.581582420899451e-14,-2.08523232909041e-14,6.879619425919168e-14,-12.07119902967957,8.63029706161495e-16,-2.918775438099456e-15,-6.550138364680355,-1.696019784558114,-0.8387141763146868,3.768628534795502e-15,-9.254489332178655e-15,3.917898170665681e-15,-8.735910707997417e-15,2.99356236146398e-15,-5.715397893308713,4.621974211333383,5.854828840323193e-15,1.149696177383401e-15,-1.395849071047292e-16,-6.466721091925213,2.592815776695017,0.7403760934139805,-0.2343714417119983,1.222924579492177e-15,-1.293092820378721e-15,9.169323102362856e-16,-9.842406222844537e-17,2.17340833404241e-16]
  },
  {
   "outputname": "outv",
   "termr": [4,3,3,3,2,2,2,2,2,2,1,1,1,1,1,1,1,1,1,1,0,0,0,0,0,0,0,0,0,0,0,0,0,0,0],
   "termu": [0,1,0,0,2,1,1,0,0,0,3,2,2,1,1,1,0,0,0,0,4,3,3,2,2,2,1,1,1,1,0,0,0,0,0],
   "termv": [0,0,1,0,0,1,0,2,1,0,0,1,0,2,1,0,3,2,1,0,0,1,0,2,1,0,3,2,1,0,4,3,2,1,0],
   "coeff": [-7.656767986983481,1.266277139307758e-14,-11.20584750078775,8.422051121371751,1.55307534196458,-5.244662293142902e-15,-1.4237219348882e-14,-15.09783021576928,9.744549441232783,-2.780971518342829,-1.12963814269144e-14,-12.24096863160004,-1.041378471154271,-2.538029362861912e-14,8.831196064957338e-16,5.866952176999573e-15,4.036850248534462,8.025262130658717,-2.156962866634522,0.2608470163740884,-4.928519980575184,-6.428483036552802e-15,5.13656433792659e-15,-9.42593179670037,3.42079591884517,0.762272614330036,-9.626893629305999e-15,5.040276380701296e-15,7.949093762834038e-16,-8.766219247951387e-16,3.880516392129917,-0.906043443131894,-1.124572987390552,0.06934923445298836,-0.0006142610172087523]
  }
 ]
}
