{
 "description": "equivalent lens poly",
 "name": "polynomial",
    "thickness": 1.9424,
    "pupilpos": [1.088160948903935,  10.099152544321587,   0.117931731284867],
    "pupilradii": [0.479441488108736,   4.414351142722962,   0.599586942933791],
     "poly": [
  {
   "outputname": "outx",
   "termr": [5,4,4,4,3,3,3,3,3,3,2,2,2,2,2,2,2,2,2,2,1,1,1,1,1,1,1,1,1,1,1,1,1,1,1,0,0,0,0,0,0,0,0,0,0,0,0,0,0,0,0,0,0,0,0,0],
   "termu": [0,1,0,0,2,1,1,0,0,0,3,2,2,1,1,1,0,0,0,0,4,3,3,2,2,2,1,1,1,1,0,0,0,0,0,5,4,4,3,3,3,2,2,2,2,1,1,1,1,1,0,0,0,0,0,0],
   "termv": [0,0,1,0,0,1,0,2,1,0,0,1,0,2,1,0,3,2,1,0,0,1,0,2,1,0,3,2,1,0,4,3,2,1,0,0,1,0,2,1,0,3,2,1,0,4,3,2,1,0,5,4,3,2,1,0],
   "coeff": [-4.05059854994484e-05,0.05252163325055439,-0.0002651906949123589,8.78905174520782e-05,0.000225921883727085,-0.3262168384993899,-0.02954069847308004,0.0001226668653756359,0.0002599266966174812,-7.169829188871128e-05,-0.04305429904120315,-0.0007372644702070496,-0.0001993321596148815,0.4511197847237429,0.008772248836676308,0.06176901659421903,-0.0001817813574711972,-0.0001090916772244085,-4.800479852123505e-05,2.576927161581087e-05,-0.0002124893195039892,-1.76385995173819,0.009396192721094893,0.0003899775219347398,0.0003755830566418769,5.729851204551363e-05,-1.890068605444244,-0.03098368650003649,-0.7320685047616563,-0.0001338258445053499,9.002541259917043e-05,0.0001001073981603699,6.394489054244592e-06,-8.048541904771973e-06,-3.462633810796612e-06,2.095728654838429,0.0001029728470846046,2.192484375135806e-05,4.56209825639065,0.06402225416439829,0.9033534433599837,-0.0001781080148406882,-0.0001230792740099232,-2.420681145889378e-05,-1.938510654424364e-06,2.456791261877394,0.09032841845308333,0.8629519264019024,-0.008558475949133075,1.869206965508439,-1.014210059060753e-05,-2.83515166718347e-05,-4.543500350652763e-06,4.770346996340284e-06,9.123670781891508e-07,2.39815977429589e-08]
  },
  {
   "outputname": "outy",
   "termr": [5,4,4,4,3,3,3,3,3,3,2,2,2,2,2,2,2,2,2,2,1,1,1,1,1,1,1,1,1,1,1,1,1,1,1,0,0,0,0,0,0,0,0,0,0,0,0,0,0,0,0,0,0,0,0,0],
   "termu": [0,1,0,0,2,1,1,0,0,0,3,2,2,1,1,1,0,0,0,0,4,3,3,2,2,2,1,1,1,1,0,0,0,0,0,5,4,4,3,3,3,2,2,2,2,1,1,1,1,1,0,0,0,0,0,0],
   "termv": [0,0,1,0,0,1,0,2,1,0,0,1,0,2,1,0,3,2,1,0,0,1,0,2,1,0,3,2,1,0,4,3,2,1,0,0,1,0,2,1,0,3,2,1,0,4,3,2,1,0,5,4,3,2,1,0],
   "coeff": [0.07963610319867766,-0.0001415153448561937,0.6526811510870327,-0.03199714919405351,0.008488011028429965,0.0003952667647103893,0.0001299333882324137,-0.6568407084261269,-0.3753513167281951,0.04161051587928991,-9.214702950652037e-05,0.3280209028364571,-0.02339999552949633,-0.0005440022246142342,-0.0003365880034642847,-2.139687531018268e-05,0.7326760278760023,-0.06462986377797199,0.228411132532221,0.002883169526302041,-0.1437989435938735,0.000258154763976201,1.503262393251223e-05,-2.447615609327547,0.01035628856202987,-0.4406584318405049,0.0001467149036325214,0.0002519055129981098,4.613420862740697e-05,-1.096178638651738e-06,-2.427998780846311,-0.02527711635226339,-1.107848432724745,-0.004226233439945582,0.5336451965587794,5.731812822025469e-05,2.2157366286581,-0.00190686250332116,-2.171540836582611e-05,-8.692437112141159e-05,-5.324723971051289e-06,4.803044800338975,0.1228176044686336,0.8740960137840786,-0.001101332298169145,3.116936114733617e-05,-4.220173360801841e-05,-1.829253275543817e-05,4.639339610577423e-06,1.314533032927142e-07,2.566641820362832,0.1483774445132204,0.8366833063277337,-0.0181009850285123,1.870678526367024,0.0001567658063092376]
  },
  {
   "outputname": "outu",
   "termr": [5,4,4,4,3,3,3,3,3,3,2,2,2,2,2,2,2,2,2,2,1,1,1,1,1,1,1,1,1,1,1,1,1,1,1,0,0,0,0,0,0,0,0,0,0,0,0,0,0,0,0,0,0,0,0,0],
   "termu": [0,1,0,0,2,1,1,0,0,0,3,2,2,1,1,1,0,0,0,0,4,3,3,2,2,2,1,1,1,1,0,0,0,0,0,5,4,4,3,3,3,2,2,2,2,1,1,1,1,1,0,0,0,0,0,0],
   "termv": [0,0,1,0,0,1,0,2,1,0,0,1,0,2,1,0,3,2,1,0,0,1,0,2,1,0,3,2,1,0,4,3,2,1,0,0,1,0,2,1,0,3,2,1,0,4,3,2,1,0,5,4,3,2,1,0],
   "coeff": [1.865675711854512e-05,0.03969558593726402,-6.34034333159648e-05,-2.358005337628448e-05,0.0001226681439628188,-0.07044162694762052,-0.0236121768732009,-2.006468160673962e-05,6.198093543599921e-05,8.434367811645896e-06,0.1509217655817985,-1.588698459256025e-05,-9.875419747679473e-05,0.118430242013788,0.0006598040245391354,-0.03408515992123838,-2.365171108649445e-05,2.025362995743255e-05,-1.449584475616322e-05,-3.88373348896927e-07,-6.358434788524318e-06,0.1589742103544612,0.007215915666628518,0.0001965241997711367,3.578429251549068e-05,1.768306640581924e-05,0.1773168747730752,0.05082292807755855,0.1552311118343099,-0.002197197847745062,2.950199994211236e-05,1.900877766694441e-05,-1.069137425330598e-05,-8.779411866765955e-07,-7.708781142772038e-08,0.4544122659687624,6.550605929369e-05,-4.144066630215946e-06,0.9291516099661165,0.01318635169918994,0.1688870226068699,4.101489139774322e-05,-4.038943134940941e-05,-1.184106977499699e-05,4.279201902413811e-07,0.4758289371202565,0.01184570413457881,0.1642861923721868,-0.001487658027132901,0.7143109030292408,1.040036660639623e-05,-5.309272709390914e-06,-3.675889468413746e-06,1.484037531881166e-06,3.104270318523931e-07,-2.009423325794801e-08]
  },
  {
   "outputname": "outv",
   "termr": [5,4,4,4,3,3,3,3,3,3,2,2,2,2,2,2,2,2,2,2,1,1,1,1,1,1,1,1,1,1,1,1,1,1,1,0,0,0,0,0,0,0,0,0,0,0,0,0,0,0,0,0,0,0,0,0],
   "termu": [0,1,0,0,2,1,1,0,0,0,3,2,2,1,1,1,0,0,0,0,4,3,3,2,2,2,1,1,1,1,0,0,0,0,0,5,4,4,3,3,3,2,2,2,2,1,1,1,1,1,0,0,0,0,0,0],
   "termv": [0,0,1,0,0,1,0,2,1,0,0,1,0,2,1,0,3,2,1,0,0,1,0,2,1,0,3,2,1,0,4,3,2,1,0,0,1,0,2,1,0,3,2,1,0,4,3,2,1,0,5,4,3,2,1,0],
   "coeff": [0.05827760799535523,1.255288651763126e-05,0.2012217247654171,-0.03600269207400675,-0.007470686617359951,-1.883902012418801e-05,-9.358186437081765e-06,-0.1443893448734078,-0.1642234286207536,0.02411682010457727,3.014974876337138e-05,0.05876734966197979,0.01874979233310598,-2.32071932586427e-05,2.791402513460294e-05,9.669490729509157e-07,-0.04179322965294791,0.003507101261964038,-0.03956397153507933,-0.001129185002915749,0.2656459475153737,0.0001025813550541168,-1.726170182529512e-05,0.6496945210447127,0.05306012598311512,0.04654110469276981,6.345591444357293e-05,3.078128832099013e-05,-1.508184223543597e-05,3.742973766865632e-07,0.4037830138580398,0.1161245193851621,0.2111873071650325,-0.01316156412585824,-0.3310666830170808,7.923670288449739e-07,0.424253941169804,-0.001428092883641147,9.69713182799073e-05,-1.394169512070368e-05,4.915856009341282e-08,0.8747833274275795,0.0138489543797453,0.1711242244916545,7.022248858164643e-05,9.79314963629783e-05,-2.839475026443668e-06,-1.561948167678294e-05,1.246558307635755e-06,9.887494525925376e-08,0.4516049484515145,0.01386185802879165,0.1648201837536866,-0.001965295480430959,0.7146539672134108,1.809050841844213e-05]
  }
 ]
}
